"","Survived","Pclass","Name","Sex","Age","SibSp","Parch","Fare","Embarked","segment_edat","Adult"
"1","No",3,"Braund, Mr. Owen Harris","male",22,1,0,7.25,"S","20-29","1"
"2","Yes",1,"Cumings, Mrs. John Bradley (Florence Briggs Thayer)","female",38,1,0,71.2833,"C","30-39","1"
"3","Yes",3,"Heikkinen, Miss. Laina","female",26,0,0,7.925,"S","20-29","1"
"4","Yes",1,"Futrelle, Mrs. Jacques Heath (Lily May Peel)","female",35,1,0,53.1,"S","30-39","1"
"5","No",3,"Allen, Mr. William Henry","male",35,0,0,8.05,"S","30-39","1"
"6","No",3,"Moran, Mr. James","male",33,0,0,8.4583,"Q","30-39","1"
"7","No",1,"McCarthy, Mr. Timothy J","male",54,0,0,51.8625,"S","50-59","1"
"8","No",3,"Palsson, Master. Gosta Leonard","male",2,3,1,21.075,"S","0-9","0"
"9","Yes",3,"Johnson, Mrs. Oscar W (Elisabeth Vilhelmina Berg)","female",27,0,2,11.1333,"S","20-29","1"
"10","Yes",2,"Nasser, Mrs. Nicholas (Adele Achem)","female",14,1,0,30.0708,"C","10-19","0"
"11","Yes",3,"Sandstrom, Miss. Marguerite Rut","female",4,1,1,16.7,"S","0-9","0"
"12","Yes",1,"Bonnell, Miss. Elizabeth","female",58,0,0,26.55,"S","50-59","1"
"13","No",3,"Saundercock, Mr. William Henry","male",20,0,0,8.05,"S","10-19","1"
"14","No",3,"Andersson, Mr. Anders Johan","male",39,1,5,31.275,"S","30-39","1"
"15","No",3,"Vestrom, Miss. Hulda Amanda Adolfina","female",14,0,0,7.8542,"S","10-19","0"
"16","Yes",2,"Hewlett, Mrs. (Mary D Kingcome) ","female",55,0,0,16,"S","50-59","1"
"17","No",3,"Rice, Master. Eugene","male",2,4,1,29.125,"Q","0-9","0"
"18","Yes",2,"Williams, Mr. Charles Eugene","male",31,0,0,13,"S","30-39","1"
"19","No",3,"Vander Planke, Mrs. Julius (Emelia Maria Vandemoortele)","female",31,1,0,18,"S","30-39","1"
"20","Yes",3,"Masselmani, Mrs. Fatima","female",18,0,0,7.225,"C","10-19","1"
"21","No",2,"Fynney, Mr. Joseph J","male",35,0,0,26,"S","30-39","1"
"22","Yes",2,"Beesley, Mr. Lawrence","male",34,0,0,13,"S","30-39","1"
"23","Yes",3,"McGowan, Miss. Anna ""Annie""","female",15,0,0,8.0292,"Q","10-19","0"
"24","Yes",1,"Sloper, Mr. William Thompson","male",28,0,0,35.5,"S","20-29","1"
"25","No",3,"Palsson, Miss. Torborg Danira","female",8,3,1,21.075,"S","0-9","0"
"26","Yes",3,"Asplund, Mrs. Carl Oscar (Selma Augusta Emilia Johansson)","female",38,1,5,31.3875,"S","30-39","1"
"27","No",3,"Emir, Mr. Farred Chehab","male",30,0,0,7.225,"C","20-29","1"
"28","No",1,"Fortune, Mr. Charles Alexander","male",19,3,2,263,"S","10-19","1"
"29","Yes",3,"O'Dwyer, Miss. Ellen ""Nellie""","female",14,0,0,7.8792,"Q","10-19","0"
"30","No",3,"Todoroff, Mr. Lalio","male",40.5,0,0,7.8958,"S","40-49","1"
"31","No",1,"Uruchurtu, Don. Manuel E","male",40,0,0,27.7208,"C","30-39","1"
"32","Yes",1,"Spencer, Mrs. William Augustus (Marie Eugenie)","female",31,1,0,146.5208,"C","30-39","1"
"33","Yes",3,"Glynn, Miss. Mary Agatha","female",14,0,0,7.75,"Q","10-19","0"
"34","No",2,"Wheadon, Mr. Edward H","male",66,0,0,10.5,"S","60-69","1"
"35","No",1,"Meyer, Mr. Edgar Joseph","male",28,1,0,82.1708,"C","20-29","1"
"36","No",1,"Holverson, Mr. Alexander Oskar","male",42,1,0,52,"S","40-49","1"
"37","Yes",3,"Mamee, Mr. Hanna","male",24,0,0,7.2292,"C","20-29","1"
"38","No",3,"Cann, Mr. Ernest Charles","male",21,0,0,8.05,"S","20-29","1"
"39","No",3,"Vander Planke, Miss. Augusta Maria","female",18,2,0,18,"S","10-19","1"
"40","Yes",3,"Nicola-Yarred, Miss. Jamila","female",14,1,0,11.2417,"C","10-19","0"
"41","No",3,"Ahlin, Mrs. Johan (Johanna Persdotter Larsson)","female",40,1,0,9.475,"S","30-39","1"
"42","No",2,"Turpin, Mrs. William John Robert (Dorothy Ann Wonnacott)","female",27,1,0,21,"S","20-29","1"
"43","No",3,"Kraeff, Mr. Theodor","male",33,0,0,7.8958,"C","30-39","1"
"44","Yes",2,"Laroche, Miss. Simonne Marie Anne Andree","female",3,1,2,41.5792,"C","0-9","0"
"45","Yes",3,"Devaney, Miss. Margaret Delia","female",19,0,0,7.8792,"Q","10-19","1"
"46","No",3,"Rogers, Mr. William John","male",40.5,0,0,8.05,"S","40-49","1"
"47","No",3,"Lennon, Mr. Denis","male",27,1,0,15.5,"Q","20-29","1"
"48","Yes",3,"O'Driscoll, Miss. Bridget","female",14,0,0,7.75,"Q","10-19","0"
"49","No",3,"Samaan, Mr. Youssef","male",26,2,0,21.6792,"C","20-29","1"
"50","No",3,"Arnold-Franchi, Mrs. Josef (Josefine Franchi)","female",18,1,0,17.8,"S","10-19","1"
"51","No",3,"Panula, Master. Juha Niilo","male",7,4,1,39.6875,"S","0-9","0"
"52","No",3,"Nosworthy, Mr. Richard Cater","male",21,0,0,7.8,"S","20-29","1"
"53","Yes",1,"Harper, Mrs. Henry Sleeper (Myna Haxtun)","female",49,1,0,76.7292,"C","40-49","1"
"54","Yes",2,"Faunthorpe, Mrs. Lizzie (Elizabeth Anne Wilkinson)","female",29,1,0,26,"S","20-29","1"
"55","No",1,"Ostby, Mr. Engelhart Cornelius","male",65,0,1,61.9792,"C","60-69","1"
"56","Yes",1,"Woolner, Mr. Hugh","male",40,0,0,35.5,"S","30-39","1"
"57","Yes",2,"Rugg, Miss. Emily","female",21,0,0,10.5,"S","20-29","1"
"58","No",3,"Novel, Mr. Mansouer","male",28.5,0,0,7.2292,"C","20-29","1"
"59","Yes",2,"West, Miss. Constance Mirium","female",5,1,2,27.75,"S","0-9","0"
"60","No",3,"Goodwin, Master. William Frederick","male",11,5,2,46.9,"S","10-19","0"
"61","No",3,"Sirayanian, Mr. Orsen","male",22,0,0,7.2292,"C","20-29","1"
"62","Yes",1,"Icard, Miss. Amelie","female",38,0,0,80,"","30-39","1"
"63","No",1,"Harris, Mr. Henry Birkhardt","male",45,1,0,83.475,"S","40-49","1"
"64","No",3,"Skoog, Master. Harald","male",4,3,2,27.9,"S","0-9","0"
"65","No",1,"Stewart, Mr. Albert A","male",60,0,0,27.7208,"C","50-59","1"
"66","Yes",3,"Moubarek, Master. Gerios","male",4,1,1,15.2458,"C","0-9","0"
"67","Yes",2,"Nye, Mrs. (Elizabeth Ramell)","female",29,0,0,10.5,"S","20-29","1"
"68","No",3,"Crease, Mr. Ernest James","male",19,0,0,8.1583,"S","10-19","1"
"69","Yes",3,"Andersson, Miss. Erna Alexandra","female",17,4,2,7.925,"S","10-19","0"
"70","No",3,"Kink, Mr. Vincenz","male",26,2,0,8.6625,"S","20-29","1"
"71","No",2,"Jenkin, Mr. Stephen Curnow","male",32,0,0,10.5,"S","30-39","1"
"72","No",3,"Goodwin, Miss. Lillian Amy","female",16,5,2,46.9,"S","10-19","0"
"73","No",2,"Hood, Mr. Ambrose Jr","male",21,0,0,73.5,"S","20-29","1"
"74","No",3,"Chronopoulos, Mr. Apostolos","male",26,1,0,14.4542,"C","20-29","1"
"75","Yes",3,"Bing, Mr. Lee","male",32,0,0,56.4958,"S","30-39","1"
"76","No",3,"Moen, Mr. Sigurd Hansen","male",25,0,0,7.65,"S","20-29","1"
"77","No",3,"Staneff, Mr. Ivan","male",40.5,0,0,7.8958,"S","40-49","1"
"78","No",3,"Moutal, Mr. Rahamin Haim","male",40.5,0,0,8.05,"S","40-49","1"
"79","Yes",2,"Caldwell, Master. Alden Gates","male",0.83,0,2,29,"S","0-9","0"
"80","Yes",3,"Dowdell, Miss. Elizabeth","female",30,0,0,12.475,"S","20-29","1"
"81","No",3,"Waelens, Mr. Achille","male",22,0,0,9,"S","20-29","1"
"82","Yes",3,"Sheerlinck, Mr. Jan Baptist","male",29,0,0,9.5,"S","20-29","1"
"83","Yes",3,"McDermott, Miss. Brigdet Delia","female",14,0,0,7.7875,"Q","10-19","0"
"84","No",1,"Carrau, Mr. Francisco M","male",28,0,0,47.1,"S","20-29","1"
"85","Yes",2,"Ilett, Miss. Bertha","female",17,0,0,10.5,"S","10-19","0"
"86","Yes",3,"Backstrom, Mrs. Karl Alfred (Maria Mathilda Gustafsson)","female",33,3,0,15.85,"S","30-39","1"
"87","No",3,"Ford, Mr. William Neal","male",16,1,3,34.375,"S","10-19","0"
"88","No",3,"Slocovski, Mr. Selman Francis","male",40.5,0,0,8.05,"S","40-49","1"
"89","Yes",1,"Fortune, Miss. Mabel Helen","female",23,3,2,263,"S","20-29","1"
"90","No",3,"Celotti, Mr. Francesco","male",24,0,0,8.05,"S","20-29","1"
"91","No",3,"Christmann, Mr. Emil","male",29,0,0,8.05,"S","20-29","1"
"92","No",3,"Andreasson, Mr. Paul Edvin","male",20,0,0,7.8542,"S","10-19","1"
"93","No",1,"Chaffee, Mr. Herbert Fuller","male",46,1,0,61.175,"S","40-49","1"
"94","No",3,"Dean, Mr. Bertram Frank","male",26,1,2,20.575,"S","20-29","1"
"95","No",3,"Coxon, Mr. Daniel","male",59,0,0,7.25,"S","50-59","1"
"96","No",3,"Shorney, Mr. Charles Joseph","male",40.5,0,0,8.05,"S","40-49","1"
"97","No",1,"Goldschmidt, Mr. George B","male",71,0,0,34.6542,"C","70-79","1"
"98","Yes",1,"Greenfield, Mr. William Bertram","male",23,0,1,63.3583,"C","20-29","1"
"99","Yes",2,"Doling, Mrs. John T (Ada Julia Bone)","female",34,0,1,23,"S","30-39","1"
"100","No",2,"Kantor, Mr. Sinai","male",34,1,0,26,"S","30-39","1"
"101","No",3,"Petranec, Miss. Matilda","female",28,0,0,7.8958,"S","20-29","1"
"102","No",3,"Petroff, Mr. Pastcho (""Pentcho"")","male",40.5,0,0,7.8958,"S","40-49","1"
"103","No",1,"White, Mr. Richard Frasar","male",21,0,1,77.2875,"S","20-29","1"
"104","No",3,"Johansson, Mr. Gustaf Joel","male",33,0,0,8.6542,"S","30-39","1"
"105","No",3,"Gustafsson, Mr. Anders Vilhelm","male",37,2,0,7.925,"S","30-39","1"
"106","No",3,"Mionoff, Mr. Stoytcho","male",28,0,0,7.8958,"S","20-29","1"
"107","Yes",3,"Salkjelsvik, Miss. Anna Kristine","female",21,0,0,7.65,"S","20-29","1"
"108","Yes",3,"Moss, Mr. Albert Johan","male",27,0,0,7.775,"S","20-29","1"
"109","No",3,"Rekic, Mr. Tido","male",38,0,0,7.8958,"S","30-39","1"
"110","Yes",3,"Moran, Miss. Bertha","female",14,1,0,24.15,"Q","10-19","0"
"111","No",1,"Porter, Mr. Walter Chamberlain","male",47,0,0,52,"S","40-49","1"
"112","No",3,"Zabour, Miss. Hileni","female",14.5,1,0,14.4542,"C","10-19","0"
"113","No",3,"Barton, Mr. David John","male",22,0,0,8.05,"S","20-29","1"
"114","No",3,"Jussila, Miss. Katriina","female",20,1,0,9.825,"S","10-19","1"
"115","No",3,"Attalah, Miss. Malake","female",17,0,0,14.4583,"C","10-19","0"
"116","No",3,"Pekoniemi, Mr. Edvard","male",21,0,0,7.925,"S","20-29","1"
"117","No",3,"Connors, Mr. Patrick","male",70.5,0,0,7.75,"Q","70-79","1"
"118","No",2,"Turpin, Mr. William John Robert","male",29,1,0,21,"S","20-29","1"
"119","No",1,"Baxter, Mr. Quigg Edmond","male",24,0,1,247.5208,"C","20-29","1"
"120","No",3,"Andersson, Miss. Ellis Anna Maria","female",2,4,2,31.275,"S","0-9","0"
"121","No",2,"Hickman, Mr. Stanley George","male",21,2,0,73.5,"S","20-29","1"
"122","No",3,"Moore, Mr. Leonard Charles","male",40.5,0,0,8.05,"S","40-49","1"
"123","No",2,"Nasser, Mr. Nicholas","male",32.5,1,0,30.0708,"C","30-39","1"
"124","Yes",2,"Webber, Miss. Susan","female",32.5,0,0,13,"S","30-39","1"
"125","No",1,"White, Mr. Percival Wayland","male",54,0,1,77.2875,"S","50-59","1"
"126","Yes",3,"Nicola-Yarred, Master. Elias","male",12,1,0,11.2417,"C","10-19","0"
"127","No",3,"McMahon, Mr. Martin","male",28.5,0,0,7.75,"Q","20-29","1"
"128","Yes",3,"Madsen, Mr. Fridtjof Arne","male",24,0,0,7.1417,"S","20-29","1"
"129","Yes",3,"Peter, Miss. Anna","female",35,1,1,22.3583,"C","30-39","1"
"130","No",3,"Ekstrom, Mr. Johan","male",45,0,0,6.975,"S","40-49","1"
"131","No",3,"Drazenoic, Mr. Jozef","male",33,0,0,7.8958,"C","30-39","1"
"132","No",3,"Coelho, Mr. Domingos Fernandeo","male",20,0,0,7.05,"S","10-19","1"
"133","No",3,"Robins, Mrs. Alexander A (Grace Charity Laury)","female",47,1,0,14.5,"S","40-49","1"
"134","Yes",2,"Weisz, Mrs. Leopold (Mathilde Francoise Pede)","female",29,1,0,26,"S","20-29","1"
"135","No",2,"Sobey, Mr. Samuel James Hayden","male",25,0,0,13,"S","20-29","1"
"136","No",2,"Richard, Mr. Emile","male",23,0,0,15.0458,"C","20-29","1"
"137","Yes",1,"Newsom, Miss. Helen Monypeny","female",19,0,2,26.2833,"S","10-19","1"
"138","No",1,"Futrelle, Mr. Jacques Heath","male",37,1,0,53.1,"S","30-39","1"
"139","No",3,"Osen, Mr. Olaf Elon","male",16,0,0,9.2167,"S","10-19","0"
"140","No",1,"Giglio, Mr. Victor","male",24,0,0,79.2,"C","20-29","1"
"141","No",3,"Boulos, Mrs. Joseph (Sultana)","female",18,0,2,15.2458,"C","10-19","1"
"142","Yes",3,"Nysten, Miss. Anna Sofia","female",22,0,0,7.75,"S","20-29","1"
"143","Yes",3,"Hakkarainen, Mrs. Pekka Pietari (Elin Matilda Dolck)","female",24,1,0,15.85,"S","20-29","1"
"144","No",3,"Burke, Mr. Jeremiah","male",19,0,0,6.75,"Q","10-19","1"
"145","No",2,"Andrew, Mr. Edgardo Samuel","male",18,0,0,11.5,"S","10-19","1"
"146","No",2,"Nicholls, Mr. Joseph Charles","male",19,1,1,36.75,"S","10-19","1"
"147","Yes",3,"Andersson, Mr. August Edvard (""Wennerstrom"")","male",27,0,0,7.7958,"S","20-29","1"
"148","No",3,"Ford, Miss. Robina Maggie ""Ruby""","female",9,2,2,34.375,"S","0-9","0"
"149","No",2,"Navratil, Mr. Michel (""Louis M Hoffman"")","male",36.5,0,2,26,"S","30-39","1"
"150","No",2,"Byles, Rev. Thomas Roussel Davids","male",42,0,0,13,"S","40-49","1"
"151","No",2,"Bateman, Rev. Robert James","male",51,0,0,12.525,"S","50-59","1"
"152","Yes",1,"Pears, Mrs. Thomas (Edith Wearne)","female",22,1,0,66.6,"S","20-29","1"
"153","No",3,"Meo, Mr. Alfonzo","male",55.5,0,0,8.05,"S","50-59","1"
"154","No",3,"van Billiard, Mr. Austin Blyler","male",40.5,0,2,14.5,"S","40-49","1"
"155","No",3,"Olsen, Mr. Ole Martin","male",40.5,0,0,7.3125,"S","40-49","1"
"156","No",1,"Williams, Mr. Charles Duane","male",51,0,1,61.3792,"C","50-59","1"
"157","Yes",3,"Gilnagh, Miss. Katherine ""Katie""","female",16,0,0,7.7333,"Q","10-19","0"
"158","No",3,"Corn, Mr. Harry","male",30,0,0,8.05,"S","20-29","1"
"159","No",3,"Smiljanic, Mr. Mile","male",40.5,0,0,8.6625,"S","40-49","1"
"160","No",3,"Sage, Master. Thomas Henry","male",7,8,2,69.55,"S","0-9","0"
"161","No",3,"Cribb, Mr. John Hatfield","male",44,0,1,16.1,"S","40-49","1"
"162","Yes",2,"Watt, Mrs. James (Elizabeth ""Bessie"" Inglis Milne)","female",40,0,0,15.75,"S","30-39","1"
"163","No",3,"Bengtsson, Mr. John Viktor","male",26,0,0,7.775,"S","20-29","1"
"164","No",3,"Calic, Mr. Jovo","male",17,0,0,8.6625,"S","10-19","0"
"165","No",3,"Panula, Master. Eino Viljami","male",1,4,1,39.6875,"S","0-9","0"
"166","Yes",3,"Goldsmith, Master. Frank John William ""Frankie""","male",9,0,2,20.525,"S","0-9","0"
"167","Yes",1,"Chibnall, Mrs. (Edith Martha Bowerman)","female",30,0,1,55,"S","20-29","1"
"168","No",3,"Skoog, Mrs. William (Anna Bernhardina Karlsson)","female",45,1,4,27.9,"S","40-49","1"
"169","No",1,"Baumann, Mr. John D","male",60,0,0,25.925,"S","50-59","1"
"170","No",3,"Ling, Mr. Lee","male",28,0,0,56.4958,"S","20-29","1"
"171","No",1,"Van der hoef, Mr. Wyckoff","male",61,0,0,33.5,"S","60-69","1"
"172","No",3,"Rice, Master. Arthur","male",4,4,1,29.125,"Q","0-9","0"
"173","Yes",3,"Johnson, Miss. Eleanor Ileen","female",1,1,1,11.1333,"S","0-9","0"
"174","No",3,"Sivola, Mr. Antti Wilhelm","male",21,0,0,7.925,"S","20-29","1"
"175","No",1,"Smith, Mr. James Clinch","male",56,0,0,30.6958,"C","50-59","1"
"176","No",3,"Klasen, Mr. Klas Albin","male",18,1,1,7.8542,"S","10-19","1"
"177","No",3,"Lefebre, Master. Henry Forbes","male",7,3,1,25.4667,"S","0-9","0"
"178","No",1,"Isham, Miss. Ann Elizabeth","female",50,0,0,28.7125,"C","40-49","1"
"179","No",2,"Hale, Mr. Reginald","male",30,0,0,13,"S","20-29","1"
"180","No",3,"Leonard, Mr. Lionel","male",36,0,0,0,"S","30-39","1"
"181","No",3,"Sage, Miss. Constance Gladys","female",21,8,2,69.55,"S","20-29","1"
"182","No",2,"Pernot, Mr. Rene","male",47,0,0,15.05,"C","40-49","1"
"183","No",3,"Asplund, Master. Clarence Gustaf Hugo","male",9,4,2,31.3875,"S","0-9","0"
"184","Yes",2,"Becker, Master. Richard F","male",1,2,1,39,"S","0-9","0"
"185","Yes",3,"Kink-Heilmann, Miss. Luise Gretchen","female",4,0,2,22.025,"S","0-9","0"
"186","No",1,"Rood, Mr. Hugh Roscoe","male",54,0,0,50,"S","50-59","1"
"187","Yes",3,"O'Brien, Mrs. Thomas (Johanna ""Hannah"" Godfrey)","female",14,1,0,15.5,"Q","10-19","0"
"188","Yes",1,"Romaine, Mr. Charles Hallace (""Mr C Rolmane"")","male",45,0,0,26.55,"S","40-49","1"
"189","No",3,"Bourke, Mr. John","male",40,1,1,15.5,"Q","30-39","1"
"190","No",3,"Turcin, Mr. Stjepan","male",36,0,0,7.8958,"S","30-39","1"
"191","Yes",2,"Pinsky, Mrs. (Rosa)","female",32,0,0,13,"S","30-39","1"
"192","No",2,"Carbines, Mr. William","male",19,0,0,13,"S","10-19","1"
"193","Yes",3,"Andersen-Jensen, Miss. Carla Christine Nielsine","female",19,1,0,7.8542,"S","10-19","1"
"194","Yes",2,"Navratil, Master. Michel M","male",3,1,1,26,"S","0-9","0"
"195","Yes",1,"Brown, Mrs. James Joseph (Margaret Tobin)","female",44,0,0,27.7208,"C","40-49","1"
"196","Yes",1,"Lurette, Miss. Elise","female",58,0,0,146.5208,"C","50-59","1"
"197","No",3,"Mernagh, Mr. Robert","male",28.5,0,0,7.75,"Q","20-29","1"
"198","No",3,"Olsen, Mr. Karl Siegwart Andreas","male",42,0,1,8.4042,"S","40-49","1"
"199","Yes",3,"Madigan, Miss. Margaret ""Maggie""","female",14,0,0,7.75,"Q","10-19","0"
"200","No",2,"Yrois, Miss. Henriette (""Mrs Harbeck"")","female",24,0,0,13,"S","20-29","1"
"201","No",3,"Vande Walle, Mr. Nestor Cyriel","male",28,0,0,9.5,"S","20-29","1"
"202","No",3,"Sage, Mr. Frederick","male",7,8,2,69.55,"S","0-9","0"
"203","No",3,"Johanson, Mr. Jakob Alfred","male",34,0,0,6.4958,"S","30-39","1"
"204","No",3,"Youseff, Mr. Gerious","male",45.5,0,0,7.225,"C","40-49","1"
"205","Yes",3,"Cohen, Mr. Gurshon ""Gus""","male",18,0,0,8.05,"S","10-19","1"
"206","No",3,"Strom, Miss. Telma Matilda","female",2,0,1,10.4625,"S","0-9","0"
"207","No",3,"Backstrom, Mr. Karl Alfred","male",32,1,0,15.85,"S","30-39","1"
"208","Yes",3,"Albimona, Mr. Nassef Cassem","male",26,0,0,18.7875,"C","20-29","1"
"209","Yes",3,"Carr, Miss. Helen ""Ellen""","female",16,0,0,7.75,"Q","10-19","0"
"210","Yes",1,"Blank, Mr. Henry","male",40,0,0,31,"C","30-39","1"
"211","No",3,"Ali, Mr. Ahmed","male",24,0,0,7.05,"S","20-29","1"
"212","Yes",2,"Cameron, Miss. Clear Annie","female",35,0,0,21,"S","30-39","1"
"213","No",3,"Perkin, Mr. John Henry","male",22,0,0,7.25,"S","20-29","1"
"214","No",2,"Givard, Mr. Hans Kristensen","male",30,0,0,13,"S","20-29","1"
"215","No",3,"Kiernan, Mr. Philip","male",28.5,1,0,7.75,"Q","20-29","1"
"216","Yes",1,"Newell, Miss. Madeleine","female",31,1,0,113.275,"C","30-39","1"
"217","Yes",3,"Honkanen, Miss. Eliina","female",27,0,0,7.925,"S","20-29","1"
"218","No",2,"Jacobsohn, Mr. Sidney Samuel","male",42,1,0,27,"S","40-49","1"
"219","Yes",1,"Bazzani, Miss. Albina","female",32,0,0,76.2917,"C","30-39","1"
"220","No",2,"Harris, Mr. Walter","male",30,0,0,10.5,"S","20-29","1"
"221","Yes",3,"Sunderland, Mr. Victor Francis","male",16,0,0,8.05,"S","10-19","0"
"222","No",2,"Bracken, Mr. James H","male",27,0,0,13,"S","20-29","1"
"223","No",3,"Green, Mr. George Henry","male",51,0,0,8.05,"S","50-59","1"
"224","No",3,"Nenkoff, Mr. Christo","male",40.5,0,0,7.8958,"S","40-49","1"
"225","Yes",1,"Hoyt, Mr. Frederick Maxfield","male",38,1,0,90,"S","30-39","1"
"226","No",3,"Berglund, Mr. Karl Ivar Sven","male",22,0,0,9.35,"S","20-29","1"
"227","Yes",2,"Mellors, Mr. William John","male",19,0,0,10.5,"S","10-19","1"
"228","No",3,"Lovell, Mr. John Hall (""Henry"")","male",20.5,0,0,7.25,"S","20-29","1"
"229","No",2,"Fahlstrom, Mr. Arne Jonas","male",18,0,0,13,"S","10-19","1"
"230","No",3,"Lefebre, Miss. Mathilde","female",30.5,3,1,25.4667,"S","30-39","1"
"231","Yes",1,"Harris, Mrs. Henry Birkhardt (Irene Wallach)","female",35,1,0,83.475,"S","30-39","1"
"232","No",3,"Larsson, Mr. Bengt Edvin","male",29,0,0,7.775,"S","20-29","1"
"233","No",2,"Sjostedt, Mr. Ernst Adolf","male",59,0,0,13.5,"S","50-59","1"
"234","Yes",3,"Asplund, Miss. Lillian Gertrud","female",5,4,2,31.3875,"S","0-9","0"
"235","No",2,"Leyson, Mr. Robert William Norman","male",24,0,0,10.5,"S","20-29","1"
"236","No",3,"Harknett, Miss. Alice Phoebe","female",30.5,0,0,7.55,"S","30-39","1"
"237","No",2,"Hold, Mr. Stephen","male",44,1,0,26,"S","40-49","1"
"238","Yes",2,"Collyer, Miss. Marjorie ""Lottie""","female",8,0,2,26.25,"S","0-9","0"
"239","No",2,"Pengelly, Mr. Frederick William","male",19,0,0,10.5,"S","10-19","1"
"240","No",2,"Hunt, Mr. George Henry","male",33,0,0,12.275,"S","30-39","1"
"241","No",3,"Zabour, Miss. Thamine","female",26,1,0,14.4542,"C","20-29","1"
"242","Yes",3,"Murphy, Miss. Katherine ""Kate""","female",14,1,0,15.5,"Q","10-19","0"
"243","No",2,"Coleridge, Mr. Reginald Charles","male",29,0,0,10.5,"S","20-29","1"
"244","No",3,"Maenpaa, Mr. Matti Alexanteri","male",22,0,0,7.125,"S","20-29","1"
"245","No",3,"Attalah, Mr. Sleiman","male",30,0,0,7.225,"C","20-29","1"
"246","No",1,"Minahan, Dr. William Edward","male",44,2,0,90,"Q","40-49","1"
"247","No",3,"Lindahl, Miss. Agda Thorilda Viktoria","female",25,0,0,7.775,"S","20-29","1"
"248","Yes",2,"Hamalainen, Mrs. William (Anna)","female",24,0,2,14.5,"S","20-29","1"
"249","Yes",1,"Beckwith, Mr. Richard Leonard","male",37,1,1,52.5542,"S","30-39","1"
"250","No",2,"Carter, Rev. Ernest Courtenay","male",54,1,0,26,"S","50-59","1"
"251","No",3,"Reed, Mr. James George","male",25,0,0,7.25,"S","20-29","1"
"252","No",3,"Strom, Mrs. Wilhelm (Elna Matilda Persson)","female",29,1,1,10.4625,"S","20-29","1"
"253","No",1,"Stead, Mr. William Thomas","male",62,0,0,26.55,"S","60-69","1"
"254","No",3,"Lobb, Mr. William Arthur","male",30,1,0,16.1,"S","20-29","1"
"255","No",3,"Rosblom, Mrs. Viktor (Helena Wilhelmina)","female",41,0,2,20.2125,"S","40-49","1"
"256","Yes",3,"Touma, Mrs. Darwis (Hanne Youssef Razi)","female",29,0,2,15.2458,"C","20-29","1"
"257","Yes",1,"Thorne, Mrs. Gertrude Maybelle","female",30,0,0,79.2,"C","20-29","1"
"258","Yes",1,"Cherry, Miss. Gladys","female",30,0,0,86.5,"S","20-29","1"
"259","Yes",1,"Ward, Miss. Anna","female",35,0,0,512.3292,"C","30-39","1"
"260","Yes",2,"Parrish, Mrs. (Lutie Davis)","female",50,0,1,26,"S","40-49","1"
"261","No",3,"Smith, Mr. Thomas","male",28.5,0,0,7.75,"Q","20-29","1"
"262","Yes",3,"Asplund, Master. Edvin Rojj Felix","male",3,4,2,31.3875,"S","0-9","0"
"263","No",1,"Taussig, Mr. Emil","male",52,1,1,79.65,"S","50-59","1"
"264","No",1,"Harrison, Mr. William","male",40,0,0,0,"S","30-39","1"
"265","No",3,"Henry, Miss. Delia","female",17,0,0,7.75,"Q","10-19","0"
"266","No",2,"Reeves, Mr. David","male",36,0,0,10.5,"S","30-39","1"
"267","No",3,"Panula, Mr. Ernesti Arvid","male",16,4,1,39.6875,"S","10-19","0"
"268","Yes",3,"Persson, Mr. Ernst Ulrik","male",25,1,0,7.775,"S","20-29","1"
"269","Yes",1,"Graham, Mrs. William Thompson (Edith Junkins)","female",58,0,1,153.4625,"S","50-59","1"
"270","Yes",1,"Bissette, Miss. Amelia","female",35,0,0,135.6333,"S","30-39","1"
"271","No",1,"Cairns, Mr. Alexander","male",57,0,0,31,"S","50-59","1"
"272","Yes",3,"Tornquist, Mr. William Henry","male",25,0,0,0,"S","20-29","1"
"273","Yes",2,"Mellinger, Mrs. (Elizabeth Anne Maidment)","female",41,0,1,19.5,"S","40-49","1"
"274","No",1,"Natsch, Mr. Charles H","male",37,0,1,29.7,"C","30-39","1"
"275","Yes",3,"Healy, Miss. Hanora ""Nora""","female",14,0,0,7.75,"Q","10-19","0"
"276","Yes",1,"Andrews, Miss. Kornelia Theodosia","female",63,1,0,77.9583,"S","60-69","1"
"277","No",3,"Lindblom, Miss. Augusta Charlotta","female",45,0,0,7.75,"S","40-49","1"
"278","No",2,"Parkes, Mr. Francis ""Frank""","male",25,0,0,0,"S","20-29","1"
"279","No",3,"Rice, Master. Eric","male",7,4,1,29.125,"Q","0-9","0"
"280","Yes",3,"Abbott, Mrs. Stanton (Rosa Hunt)","female",35,1,1,20.25,"S","30-39","1"
"281","No",3,"Duane, Mr. Frank","male",65,0,0,7.75,"Q","60-69","1"
"282","No",3,"Olsson, Mr. Nils Johan Goransson","male",28,0,0,7.8542,"S","20-29","1"
"283","No",3,"de Pelsmaeker, Mr. Alfons","male",16,0,0,9.5,"S","10-19","0"
"284","Yes",3,"Dorking, Mr. Edward Arthur","male",19,0,0,8.05,"S","10-19","1"
"285","No",1,"Smith, Mr. Richard William","male",57,0,0,26,"S","50-59","1"
"286","No",3,"Stankovic, Mr. Ivan","male",33,0,0,8.6625,"C","30-39","1"
"287","Yes",3,"de Mulder, Mr. Theodore","male",30,0,0,9.5,"S","20-29","1"
"288","No",3,"Naidenoff, Mr. Penko","male",22,0,0,7.8958,"S","20-29","1"
"289","Yes",2,"Hosono, Mr. Masabumi","male",42,0,0,13,"S","40-49","1"
"290","Yes",3,"Connolly, Miss. Kate","female",22,0,0,7.75,"Q","20-29","1"
"291","Yes",1,"Barber, Miss. Ellen ""Nellie""","female",26,0,0,78.85,"S","20-29","1"
"292","Yes",1,"Bishop, Mrs. Dickinson H (Helen Walton)","female",19,1,0,91.0792,"C","10-19","1"
"293","No",2,"Levy, Mr. Rene Jacques","male",36,0,0,12.875,"C","30-39","1"
"294","No",3,"Haas, Miss. Aloisia","female",24,0,0,8.85,"S","20-29","1"
"295","No",3,"Mineff, Mr. Ivan","male",24,0,0,7.8958,"S","20-29","1"
"296","No",1,"Lewy, Mr. Ervin G","male",60,0,0,27.7208,"C","50-59","1"
"297","No",3,"Hanna, Mr. Mansour","male",23.5,0,0,7.2292,"C","20-29","1"
"298","No",1,"Allison, Miss. Helen Loraine","female",2,1,2,151.55,"S","0-9","0"
"299","Yes",1,"Saalfeld, Mr. Adolphe","male",40,0,0,30.5,"S","30-39","1"
"300","Yes",1,"Baxter, Mrs. James (Helene DeLaudeniere Chaput)","female",50,0,1,247.5208,"C","40-49","1"
"301","Yes",3,"Kelly, Miss. Anna Katherine ""Annie Kate""","female",14,0,0,7.75,"Q","10-19","0"
"302","Yes",3,"McCoy, Mr. Bernard","male",22,2,0,23.25,"Q","20-29","1"
"303","No",3,"Johnson, Mr. William Cahoone Jr","male",19,0,0,0,"S","10-19","1"
"304","Yes",2,"Keane, Miss. Nora A","female",23,0,0,12.35,"Q","20-29","1"
"305","No",3,"Williams, Mr. Howard Hugh ""Harry""","male",40.5,0,0,8.05,"S","40-49","1"
"306","Yes",1,"Allison, Master. Hudson Trevor","male",0.92,1,2,151.55,"S","0-9","0"
"307","Yes",1,"Fleming, Miss. Margaret","female",30,0,0,110.8833,"C","20-29","1"
"308","Yes",1,"Penasco y Castellana, Mrs. Victor de Satode (Maria Josefa Perez de Soto y Vallejo)","female",17,1,0,108.9,"C","10-19","0"
"309","No",2,"Abelson, Mr. Samuel","male",30,1,0,24,"C","20-29","1"
"310","Yes",1,"Francatelli, Miss. Laura Mabel","female",30,0,0,56.9292,"C","20-29","1"
"311","Yes",1,"Hays, Miss. Margaret Bechstein","female",24,0,0,83.1583,"C","20-29","1"
"312","Yes",1,"Ryerson, Miss. Emily Borie","female",18,2,2,262.375,"C","10-19","1"
"313","No",2,"Lahtinen, Mrs. William (Anna Sylfven)","female",26,1,1,26,"S","20-29","1"
"314","No",3,"Hendekovic, Mr. Ignjac","male",28,0,0,7.8958,"S","20-29","1"
"315","No",2,"Hart, Mr. Benjamin","male",43,1,1,26.25,"S","40-49","1"
"316","Yes",3,"Nilsson, Miss. Helmina Josefina","female",26,0,0,7.8542,"S","20-29","1"
"317","Yes",2,"Kantor, Mrs. Sinai (Miriam Sternin)","female",24,1,0,26,"S","20-29","1"
"318","No",2,"Moraweck, Dr. Ernest","male",54,0,0,14,"S","50-59","1"
"319","Yes",1,"Wick, Miss. Mary Natalie","female",31,0,2,164.8667,"S","30-39","1"
"320","Yes",1,"Spedden, Mrs. Frederic Oakley (Margaretta Corning Stone)","female",40,1,1,134.5,"C","30-39","1"
"321","No",3,"Dennis, Mr. Samuel","male",22,0,0,7.25,"S","20-29","1"
"322","No",3,"Danoff, Mr. Yoto","male",27,0,0,7.8958,"S","20-29","1"
"323","Yes",2,"Slayter, Miss. Hilda Mary","female",30,0,0,12.35,"Q","20-29","1"
"324","Yes",2,"Caldwell, Mrs. Albert Francis (Sylvia Mae Harbaugh)","female",22,1,1,29,"S","20-29","1"
"325","No",3,"Sage, Mr. George John Jr","male",7,8,2,69.55,"S","0-9","0"
"326","Yes",1,"Young, Miss. Marie Grice","female",36,0,0,135.6333,"C","30-39","1"
"327","No",3,"Nysveen, Mr. Johan Hansen","male",61,0,0,6.2375,"S","60-69","1"
"328","Yes",2,"Ball, Mrs. (Ada E Hall)","female",36,0,0,13,"S","30-39","1"
"329","Yes",3,"Goldsmith, Mrs. Frank John (Emily Alice Brown)","female",31,1,1,20.525,"S","30-39","1"
"330","Yes",1,"Hippach, Miss. Jean Gertrude","female",16,0,1,57.9792,"C","10-19","0"
"331","Yes",3,"McCoy, Miss. Agnes","female",5,2,0,23.25,"Q","0-9","0"
"332","No",1,"Partner, Mr. Austen","male",45.5,0,0,28.5,"S","40-49","1"
"333","No",1,"Graham, Mr. George Edward","male",38,0,1,153.4625,"S","30-39","1"
"334","No",3,"Vander Planke, Mr. Leo Edmondus","male",16,2,0,18,"S","10-19","0"
"335","Yes",1,"Frauenthal, Mrs. Henry William (Clara Heinsheimer)","female",33,1,0,133.65,"S","30-39","1"
"336","No",3,"Denkoff, Mr. Mitto","male",40.5,0,0,7.8958,"S","40-49","1"
"337","No",1,"Pears, Mr. Thomas Clinton","male",29,1,0,66.6,"S","20-29","1"
"338","Yes",1,"Burns, Miss. Elizabeth Margaret","female",41,0,0,134.5,"C","40-49","1"
"339","Yes",3,"Dahl, Mr. Karl Edwart","male",45,0,0,8.05,"S","40-49","1"
"340","No",1,"Blackwell, Mr. Stephen Weart","male",45,0,0,35.5,"S","40-49","1"
"341","Yes",2,"Navratil, Master. Edmond Roger","male",2,1,1,26,"S","0-9","0"
"342","Yes",1,"Fortune, Miss. Alice Elizabeth","female",24,3,2,263,"S","20-29","1"
"343","No",2,"Collander, Mr. Erik Gustaf","male",28,0,0,13,"S","20-29","1"
"344","No",2,"Sedgwick, Mr. Charles Frederick Waddington","male",25,0,0,13,"S","20-29","1"
"345","No",2,"Fox, Mr. Stanley Hubert","male",36,0,0,13,"S","30-39","1"
"346","Yes",2,"Brown, Miss. Amelia ""Mildred""","female",24,0,0,13,"S","20-29","1"
"347","Yes",2,"Smith, Miss. Marion Elsie","female",40,0,0,13,"S","30-39","1"
"348","Yes",3,"Davison, Mrs. Thomas Henry (Mary E Finck)","female",16,1,0,16.1,"S","10-19","0"
"349","Yes",3,"Coutts, Master. William Loch ""William""","male",3,1,1,15.9,"S","0-9","0"
"350","No",3,"Dimic, Mr. Jovan","male",42,0,0,8.6625,"S","40-49","1"
"351","No",3,"Odahl, Mr. Nils Martin","male",23,0,0,9.225,"S","20-29","1"
"352","No",1,"Williams-Lambert, Mr. Fletcher Fellows","male",45,0,0,35,"S","40-49","1"
"353","No",3,"Elias, Mr. Tannous","male",15,1,1,7.2292,"C","10-19","0"
"354","No",3,"Arnold-Franchi, Mr. Josef","male",25,1,0,17.8,"S","20-29","1"
"355","No",3,"Yousif, Mr. Wazli","male",30,0,0,7.225,"C","20-29","1"
"356","No",3,"Vanden Steen, Mr. Leo Peter","male",28,0,0,9.5,"S","20-29","1"
"357","Yes",1,"Bowerman, Miss. Elsie Edith","female",22,0,1,55,"S","20-29","1"
"358","No",2,"Funk, Miss. Annie Clemmer","female",38,0,0,13,"S","30-39","1"
"359","Yes",3,"McGovern, Miss. Mary","female",14,0,0,7.8792,"Q","10-19","0"
"360","Yes",3,"Mockler, Miss. Helen Mary ""Ellie""","female",14,0,0,7.8792,"Q","10-19","0"
"361","No",3,"Skoog, Mr. Wilhelm","male",40,1,4,27.9,"S","30-39","1"
"362","No",2,"del Carlo, Mr. Sebastiano","male",29,1,0,27.7208,"C","20-29","1"
"363","No",3,"Barbara, Mrs. (Catherine David)","female",45,0,1,14.4542,"C","40-49","1"
"364","No",3,"Asim, Mr. Adola","male",35,0,0,7.05,"S","30-39","1"
"365","No",3,"O'Brien, Mr. Thomas","male",26,1,0,15.5,"Q","20-29","1"
"366","No",3,"Adahl, Mr. Mauritz Nils Martin","male",30,0,0,7.25,"S","20-29","1"
"367","Yes",1,"Warren, Mrs. Frank Manley (Anna Sophia Atkinson)","female",60,1,0,75.25,"C","50-59","1"
"368","Yes",3,"Moussa, Mrs. (Mantoura Boulos)","female",18,0,0,7.2292,"C","10-19","1"
"369","Yes",3,"Jermyn, Miss. Annie","female",14,0,0,7.75,"Q","10-19","0"
"370","Yes",1,"Aubart, Mme. Leontine Pauline","female",24,0,0,69.3,"C","20-29","1"
"371","Yes",1,"Harder, Mr. George Achilles","male",25,1,0,55.4417,"C","20-29","1"
"372","No",3,"Wiklund, Mr. Jakob Alfred","male",18,1,0,6.4958,"S","10-19","1"
"373","No",3,"Beavan, Mr. William Thomas","male",19,0,0,8.05,"S","10-19","1"
"374","No",1,"Ringhini, Mr. Sante","male",22,0,0,135.6333,"C","20-29","1"
"375","No",3,"Palsson, Miss. Stina Viola","female",3,3,1,21.075,"S","0-9","0"
"376","Yes",1,"Meyer, Mrs. Edgar Joseph (Leila Saks)","female",38,1,0,82.1708,"C","30-39","1"
"377","Yes",3,"Landergren, Miss. Aurora Adelia","female",22,0,0,7.25,"S","20-29","1"
"378","No",1,"Widener, Mr. Harry Elkins","male",27,0,2,211.5,"C","20-29","1"
"379","No",3,"Betros, Mr. Tannous","male",20,0,0,4.0125,"C","10-19","1"
"380","No",3,"Gustafsson, Mr. Karl Gideon","male",19,0,0,7.775,"S","10-19","1"
"381","Yes",1,"Bidois, Miss. Rosalie","female",42,0,0,227.525,"C","40-49","1"
"382","Yes",3,"Nakid, Miss. Maria (""Mary"")","female",1,0,2,15.7417,"C","0-9","0"
"383","No",3,"Tikkanen, Mr. Juho","male",32,0,0,7.925,"S","30-39","1"
"384","Yes",1,"Holverson, Mrs. Alexander Oskar (Mary Aline Towner)","female",35,1,0,52,"S","30-39","1"
"385","No",3,"Plotcharsky, Mr. Vasil","male",40.5,0,0,7.8958,"S","40-49","1"
"386","No",2,"Davies, Mr. Charles Henry","male",18,0,0,73.5,"S","10-19","1"
"387","No",3,"Goodwin, Master. Sidney Leonard","male",1,5,2,46.9,"S","0-9","0"
"388","Yes",2,"Buss, Miss. Kate","female",36,0,0,13,"S","30-39","1"
"389","No",3,"Sadlier, Mr. Matthew","male",28.5,0,0,7.7292,"Q","20-29","1"
"390","Yes",2,"Lehmann, Miss. Bertha","female",17,0,0,12,"C","10-19","0"
"391","Yes",1,"Carter, Mr. William Ernest","male",36,1,2,120,"S","30-39","1"
"392","Yes",3,"Jansson, Mr. Carl Olof","male",21,0,0,7.7958,"S","20-29","1"
"393","No",3,"Gustafsson, Mr. Johan Birger","male",28,2,0,7.925,"S","20-29","1"
"394","Yes",1,"Newell, Miss. Marjorie","female",23,1,0,113.275,"C","20-29","1"
"395","Yes",3,"Sandstrom, Mrs. Hjalmar (Agnes Charlotta Bengtsson)","female",24,0,2,16.7,"S","20-29","1"
"396","No",3,"Johansson, Mr. Erik","male",22,0,0,7.7958,"S","20-29","1"
"397","No",3,"Olsson, Miss. Elina","female",31,0,0,7.8542,"S","30-39","1"
"398","No",2,"McKane, Mr. Peter David","male",46,0,0,26,"S","40-49","1"
"399","No",2,"Pain, Dr. Alfred","male",23,0,0,10.5,"S","20-29","1"
"400","Yes",2,"Trout, Mrs. William H (Jessie L)","female",28,0,0,12.65,"S","20-29","1"
"401","Yes",3,"Niskanen, Mr. Juha","male",39,0,0,7.925,"S","30-39","1"
"402","No",3,"Adams, Mr. John","male",26,0,0,8.05,"S","20-29","1"
"403","No",3,"Jussila, Miss. Mari Aina","female",21,1,0,9.825,"S","20-29","1"
"404","No",3,"Hakkarainen, Mr. Pekka Pietari","male",28,1,0,15.85,"S","20-29","1"
"405","No",3,"Oreskovic, Miss. Marija","female",20,0,0,8.6625,"S","10-19","1"
"406","No",2,"Gale, Mr. Shadrach","male",34,1,0,21,"S","30-39","1"
"407","No",3,"Widegren, Mr. Carl/Charles Peter","male",51,0,0,7.75,"S","50-59","1"
"408","Yes",2,"Richards, Master. William Rowe","male",3,1,1,18.75,"S","0-9","0"
"409","No",3,"Birkeland, Mr. Hans Martin Monsen","male",21,0,0,7.775,"S","20-29","1"
"410","No",3,"Lefebre, Miss. Ida","female",21,3,1,25.4667,"S","20-29","1"
"411","No",3,"Sdycoff, Mr. Todor","male",40.5,0,0,7.8958,"S","40-49","1"
"412","No",3,"Hart, Mr. Henry","male",30,0,0,6.8583,"Q","20-29","1"
"413","Yes",1,"Minahan, Miss. Daisy E","female",33,1,0,90,"Q","30-39","1"
"414","No",2,"Cunningham, Mr. Alfred Fleming","male",25,0,0,0,"S","20-29","1"
"415","Yes",3,"Sundman, Mr. Johan Julian","male",44,0,0,7.925,"S","40-49","1"
"416","No",3,"Meek, Mrs. Thomas (Annie Louise Rowley)","female",30.5,0,0,8.05,"S","30-39","1"
"417","Yes",2,"Drew, Mrs. James Vivian (Lulu Thorne Christian)","female",34,1,1,32.5,"S","30-39","1"
"418","Yes",2,"Silven, Miss. Lyyli Karoliina","female",18,0,2,13,"S","10-19","1"
"419","No",2,"Matthews, Mr. William John","male",30,0,0,13,"S","20-29","1"
"420","No",3,"Van Impe, Miss. Catharina","female",10,0,2,24.15,"S","0-9","0"
"421","No",3,"Gheorgheff, Mr. Stanio","male",33,0,0,7.8958,"C","30-39","1"
"422","No",3,"Charters, Mr. David","male",21,0,0,7.7333,"Q","20-29","1"
"423","No",3,"Zimmerman, Mr. Leo","male",29,0,0,7.875,"S","20-29","1"
"424","No",3,"Danbom, Mrs. Ernst Gilbert (Anna Sigrid Maria Brogren)","female",28,1,1,14.4,"S","20-29","1"
"425","No",3,"Rosblom, Mr. Viktor Richard","male",18,1,1,20.2125,"S","10-19","1"
"426","No",3,"Wiseman, Mr. Phillippe","male",25,0,0,7.25,"S","20-29","1"
"427","Yes",2,"Clarke, Mrs. Charles V (Ada Maria Winfield)","female",28,1,0,26,"S","20-29","1"
"428","Yes",2,"Phillips, Miss. Kate Florence (""Mrs Kate Louise Phillips Marshall"")","female",19,0,0,26,"S","10-19","1"
"429","No",3,"Flynn, Mr. James","male",28.5,0,0,7.75,"Q","20-29","1"
"430","Yes",3,"Pickard, Mr. Berk (Berk Trembisky)","male",32,0,0,8.05,"S","30-39","1"
"431","Yes",1,"Bjornstrom-Steffansson, Mr. Mauritz Hakan","male",28,0,0,26.55,"S","20-29","1"
"432","Yes",3,"Thorneycroft, Mrs. Percival (Florence Kate White)","female",16,1,0,16.1,"S","10-19","0"
"433","Yes",2,"Louch, Mrs. Charles Alexander (Alice Adelaide Slow)","female",42,1,0,26,"S","40-49","1"
"434","No",3,"Kallio, Mr. Nikolai Erland","male",17,0,0,7.125,"S","10-19","0"
"435","No",1,"Silvey, Mr. William Baird","male",50,1,0,55.9,"S","40-49","1"
"436","Yes",1,"Carter, Miss. Lucile Polk","female",14,1,2,120,"S","10-19","0"
"437","No",3,"Ford, Miss. Doolina Margaret ""Daisy""","female",21,2,2,34.375,"S","20-29","1"
"438","Yes",2,"Richards, Mrs. Sidney (Emily Hocking)","female",24,2,3,18.75,"S","20-29","1"
"439","No",1,"Fortune, Mr. Mark","male",64,1,4,263,"S","60-69","1"
"440","No",2,"Kvillner, Mr. Johan Henrik Johannesson","male",31,0,0,10.5,"S","30-39","1"
"441","Yes",2,"Hart, Mrs. Benjamin (Esther Ada Bloomfield)","female",45,1,1,26.25,"S","40-49","1"
"442","No",3,"Hampe, Mr. Leon","male",20,0,0,9.5,"S","10-19","1"
"443","No",3,"Petterson, Mr. Johan Emil","male",25,1,0,7.775,"S","20-29","1"
"444","Yes",2,"Reynaldo, Ms. Encarnacion","female",28,0,0,13,"S","20-29","1"
"445","Yes",3,"Johannesen-Bratthammer, Mr. Bernt","male",18,0,0,8.1125,"S","10-19","1"
"446","Yes",1,"Dodge, Master. Washington","male",4,0,2,81.8583,"S","0-9","0"
"447","Yes",2,"Mellinger, Miss. Madeleine Violet","female",13,0,1,19.5,"S","10-19","0"
"448","Yes",1,"Seward, Mr. Frederic Kimber","male",34,0,0,26.55,"S","30-39","1"
"449","Yes",3,"Baclini, Miss. Marie Catherine","female",5,2,1,19.2583,"C","0-9","0"
"450","Yes",1,"Peuchen, Major. Arthur Godfrey","male",52,0,0,30.5,"S","50-59","1"
"451","No",2,"West, Mr. Edwy Arthur","male",36,1,2,27.75,"S","30-39","1"
"452","No",3,"Hagland, Mr. Ingvald Olai Olsen","male",40.5,1,0,19.9667,"S","40-49","1"
"453","No",1,"Foreman, Mr. Benjamin Laventall","male",30,0,0,27.75,"C","20-29","1"
"454","Yes",1,"Goldenberg, Mr. Samuel L","male",49,1,0,89.1042,"C","40-49","1"
"455","No",3,"Peduzzi, Mr. Joseph","male",40.5,0,0,8.05,"S","40-49","1"
"456","Yes",3,"Jalsevac, Mr. Ivan","male",29,0,0,7.8958,"C","20-29","1"
"457","No",1,"Millet, Mr. Francis Davis","male",65,0,0,26.55,"S","60-69","1"
"458","Yes",1,"Kenyon, Mrs. Frederick R (Marion)","female",33,1,0,51.8625,"S","30-39","1"
"459","Yes",2,"Toomey, Miss. Ellen","female",50,0,0,10.5,"S","40-49","1"
"460","No",3,"O'Connor, Mr. Maurice","male",28.5,0,0,7.75,"Q","20-29","1"
"461","Yes",1,"Anderson, Mr. Harry","male",48,0,0,26.55,"S","40-49","1"
"462","No",3,"Morley, Mr. William","male",34,0,0,8.05,"S","30-39","1"
"463","No",1,"Gee, Mr. Arthur H","male",47,0,0,38.5,"S","40-49","1"
"464","No",2,"Milling, Mr. Jacob Christian","male",48,0,0,13,"S","40-49","1"
"465","No",3,"Maisner, Mr. Simon","male",40.5,0,0,8.05,"S","40-49","1"
"466","No",3,"Goncalves, Mr. Manuel Estanslas","male",38,0,0,7.05,"S","30-39","1"
"467","No",2,"Campbell, Mr. William","male",25,0,0,0,"S","20-29","1"
"468","No",1,"Smart, Mr. John Montgomery","male",56,0,0,26.55,"S","50-59","1"
"469","No",3,"Scanlan, Mr. James","male",28.5,0,0,7.725,"Q","20-29","1"
"470","Yes",3,"Baclini, Miss. Helene Barbara","female",0.75,2,1,19.2583,"C","0-9","0"
"471","No",3,"Keefe, Mr. Arthur","male",25,0,0,7.25,"S","20-29","1"
"472","No",3,"Cacic, Mr. Luka","male",38,0,0,8.6625,"S","30-39","1"
"473","Yes",2,"West, Mrs. Edwy Arthur (Ada Mary Worth)","female",33,1,2,27.75,"S","30-39","1"
"474","Yes",2,"Jerwan, Mrs. Amin S (Marie Marthe Thuillard)","female",23,0,0,13.7917,"C","20-29","1"
"475","No",3,"Strandberg, Miss. Ida Sofia","female",22,0,0,9.8375,"S","20-29","1"
"476","No",1,"Clifford, Mr. George Quincy","male",47,0,0,52,"S","40-49","1"
"477","No",2,"Renouf, Mr. Peter Henry","male",34,1,0,21,"S","30-39","1"
"478","No",3,"Braund, Mr. Lewis Richard","male",29,1,0,7.0458,"S","20-29","1"
"479","No",3,"Karlsson, Mr. Nils August","male",22,0,0,7.5208,"S","20-29","1"
"480","Yes",3,"Hirvonen, Miss. Hildur E","female",2,0,1,12.2875,"S","0-9","0"
"481","No",3,"Goodwin, Master. Harold Victor","male",9,5,2,46.9,"S","0-9","0"
"482","No",2,"Frost, Mr. Anthony Wood ""Archie""","male",25,0,0,0,"S","20-29","1"
"483","No",3,"Rouse, Mr. Richard Henry","male",50,0,0,8.05,"S","40-49","1"
"484","Yes",3,"Turkula, Mrs. (Hedwig)","female",63,0,0,9.5875,"S","60-69","1"
"485","Yes",1,"Bishop, Mr. Dickinson H","male",25,1,0,91.0792,"C","20-29","1"
"486","No",3,"Lefebre, Miss. Jeannie","female",21,3,1,25.4667,"S","20-29","1"
"487","Yes",1,"Hoyt, Mrs. Frederick Maxfield (Jane Anne Forby)","female",35,1,0,90,"S","30-39","1"
"488","No",1,"Kent, Mr. Edward Austin","male",58,0,0,29.7,"C","50-59","1"
"489","No",3,"Somerton, Mr. Francis William","male",30,0,0,8.05,"S","20-29","1"
"490","Yes",3,"Coutts, Master. Eden Leslie ""Neville""","male",9,1,1,15.9,"S","0-9","0"
"491","No",3,"Hagland, Mr. Konrad Mathias Reiersen","male",40.5,1,0,19.9667,"S","40-49","1"
"492","No",3,"Windelov, Mr. Einar","male",21,0,0,7.25,"S","20-29","1"
"493","No",1,"Molson, Mr. Harry Markland","male",55,0,0,30.5,"S","50-59","1"
"494","No",1,"Artagaveytia, Mr. Ramon","male",71,0,0,49.5042,"C","70-79","1"
"495","No",3,"Stanley, Mr. Edward Roland","male",21,0,0,8.05,"S","20-29","1"
"496","No",3,"Yousseff, Mr. Gerious","male",21,0,0,14.4583,"C","20-29","1"
"497","Yes",1,"Eustis, Miss. Elizabeth Mussey","female",54,1,0,78.2667,"C","50-59","1"
"498","No",3,"Shellard, Mr. Frederick William","male",40.5,0,0,15.1,"S","40-49","1"
"499","No",1,"Allison, Mrs. Hudson J C (Bessie Waldo Daniels)","female",25,1,2,151.55,"S","20-29","1"
"500","No",3,"Svensson, Mr. Olof","male",24,0,0,7.7958,"S","20-29","1"
"501","No",3,"Calic, Mr. Petar","male",17,0,0,8.6625,"S","10-19","0"
"502","No",3,"Canavan, Miss. Mary","female",21,0,0,7.75,"Q","20-29","1"
"503","No",3,"O'Sullivan, Miss. Bridget Mary","female",17,0,0,7.6292,"Q","10-19","0"
"504","No",3,"Laitinen, Miss. Kristina Sofia","female",37,0,0,9.5875,"S","30-39","1"
"505","Yes",1,"Maioni, Miss. Roberta","female",16,0,0,86.5,"S","10-19","0"
"506","No",1,"Penasco y Castellana, Mr. Victor de Satode","male",18,1,0,108.9,"C","10-19","1"
"507","Yes",2,"Quick, Mrs. Frederick Charles (Jane Richards)","female",33,0,2,26,"S","30-39","1"
"508","Yes",1,"Bradley, Mr. George (""George Arthur Brayton"")","male",34,0,0,26.55,"S","30-39","1"
"509","No",3,"Olsen, Mr. Henry Margido","male",28,0,0,22.525,"S","20-29","1"
"510","Yes",3,"Lang, Mr. Fang","male",26,0,0,56.4958,"S","20-29","1"
"511","Yes",3,"Daly, Mr. Eugene Patrick","male",29,0,0,7.75,"Q","20-29","1"
"512","No",3,"Webber, Mr. James","male",40.5,0,0,8.05,"S","40-49","1"
"513","Yes",1,"McGough, Mr. James Robert","male",36,0,0,26.2875,"S","30-39","1"
"514","Yes",1,"Rothschild, Mrs. Martin (Elizabeth L. Barrett)","female",54,1,0,59.4,"C","50-59","1"
"515","No",3,"Coleff, Mr. Satio","male",24,0,0,7.4958,"S","20-29","1"
"516","No",1,"Walker, Mr. William Anderson","male",47,0,0,34.0208,"S","40-49","1"
"517","Yes",2,"Lemore, Mrs. (Amelia Milley)","female",34,0,0,10.5,"S","30-39","1"
"518","No",3,"Ryan, Mr. Patrick","male",33,0,0,24.15,"Q","30-39","1"
"519","Yes",2,"Angle, Mrs. William A (Florence ""Mary"" Agnes Hughes)","female",36,1,0,26,"S","30-39","1"
"520","No",3,"Pavlovic, Mr. Stefo","male",32,0,0,7.8958,"S","30-39","1"
"521","Yes",1,"Perreault, Miss. Anne","female",30,0,0,93.5,"S","20-29","1"
"522","No",3,"Vovk, Mr. Janko","male",22,0,0,7.8958,"S","20-29","1"
"523","No",3,"Lahoud, Mr. Sarkis","male",30,0,0,7.225,"C","20-29","1"
"524","Yes",1,"Hippach, Mrs. Louis Albert (Ida Sophia Fischer)","female",44,0,1,57.9792,"C","40-49","1"
"525","No",3,"Kassem, Mr. Fared","male",28.5,0,0,7.2292,"C","20-29","1"
"526","No",3,"Farrell, Mr. James","male",40.5,0,0,7.75,"Q","40-49","1"
"527","Yes",2,"Ridsdale, Miss. Lucy","female",50,0,0,10.5,"S","40-49","1"
"528","No",1,"Farthing, Mr. John","male",24,0,0,221.7792,"S","20-29","1"
"529","No",3,"Salonen, Mr. Johan Werner","male",39,0,0,7.925,"S","30-39","1"
"530","No",2,"Hocking, Mr. Richard George","male",23,2,1,11.5,"S","20-29","1"
"531","Yes",2,"Quick, Miss. Phyllis May","female",2,1,1,26,"S","0-9","0"
"532","No",3,"Toufik, Mr. Nakli","male",28.5,0,0,7.2292,"C","20-29","1"
"533","No",3,"Elias, Mr. Joseph Jr","male",17,1,1,7.2292,"C","10-19","0"
"534","Yes",3,"Peter, Mrs. Catherine (Catherine Rizk)","female",24,0,2,22.3583,"C","20-29","1"
"535","No",3,"Cacic, Miss. Marija","female",30,0,0,8.6625,"S","20-29","1"
"536","Yes",2,"Hart, Miss. Eva Miriam","female",7,0,2,26.25,"S","0-9","0"
"537","No",1,"Butt, Major. Archibald Willingham","male",45,0,0,26.55,"S","40-49","1"
"538","Yes",1,"LeRoy, Miss. Bertha","female",30,0,0,106.425,"C","20-29","1"
"539","No",3,"Risien, Mr. Samuel Beard","male",40.5,0,0,14.5,"S","40-49","1"
"540","Yes",1,"Frolicher, Miss. Hedwig Margaritha","female",22,0,2,49.5,"C","20-29","1"
"541","Yes",1,"Crosby, Miss. Harriet R","female",36,0,2,71,"S","30-39","1"
"542","No",3,"Andersson, Miss. Ingeborg Constanzia","female",9,4,2,31.275,"S","0-9","0"
"543","No",3,"Andersson, Miss. Sigrid Elisabeth","female",11,4,2,31.275,"S","10-19","0"
"544","Yes",2,"Beane, Mr. Edward","male",32,1,0,26,"S","30-39","1"
"545","No",1,"Douglas, Mr. Walter Donald","male",50,1,0,106.425,"C","40-49","1"
"546","No",1,"Nicholson, Mr. Arthur Ernest","male",64,0,0,26,"S","60-69","1"
"547","Yes",2,"Beane, Mrs. Edward (Ethel Clarke)","female",19,1,0,26,"S","10-19","1"
"548","Yes",2,"Padro y Manent, Mr. Julian","male",31,0,0,13.8625,"C","30-39","1"
"549","No",3,"Goldsmith, Mr. Frank John","male",33,1,1,20.525,"S","30-39","1"
"550","Yes",2,"Davies, Master. John Morgan Jr","male",8,1,1,36.75,"S","0-9","0"
"551","Yes",1,"Thayer, Mr. John Borland Jr","male",17,0,2,110.8833,"C","10-19","0"
"552","No",2,"Sharp, Mr. Percival James R","male",27,0,0,26,"S","20-29","1"
"553","No",3,"O'Brien, Mr. Timothy","male",33,0,0,7.8292,"Q","30-39","1"
"554","Yes",3,"Leeni, Mr. Fahim (""Philip Zenni"")","male",22,0,0,7.225,"C","20-29","1"
"555","Yes",3,"Ohman, Miss. Velin","female",22,0,0,7.775,"S","20-29","1"
"556","No",1,"Wright, Mr. George","male",62,0,0,26.55,"S","60-69","1"
"557","Yes",1,"Duff Gordon, Lady. (Lucille Christiana Sutherland) (""Mrs Morgan"")","female",48,1,0,39.6,"C","40-49","1"
"558","No",1,"Robbins, Mr. Victor","male",40,0,0,227.525,"C","30-39","1"
"559","Yes",1,"Taussig, Mrs. Emil (Tillie Mandelbaum)","female",39,1,1,79.65,"S","30-39","1"
"560","Yes",3,"de Messemaeker, Mrs. Guillaume Joseph (Emma)","female",36,1,0,17.4,"S","30-39","1"
"561","No",3,"Morrow, Mr. Thomas Rowan","male",28.5,0,0,7.75,"Q","20-29","1"
"562","No",3,"Sivic, Mr. Husein","male",40,0,0,7.8958,"S","30-39","1"
"563","No",2,"Norman, Mr. Robert Douglas","male",28,0,0,13.5,"S","20-29","1"
"564","No",3,"Simmons, Mr. John","male",40.5,0,0,8.05,"S","40-49","1"
"565","No",3,"Meanwell, Miss. (Marion Ogden)","female",30.5,0,0,8.05,"S","30-39","1"
"566","No",3,"Davies, Mr. Alfred J","male",24,2,0,24.15,"S","20-29","1"
"567","No",3,"Stoytcheff, Mr. Ilia","male",19,0,0,7.8958,"S","10-19","1"
"568","No",3,"Palsson, Mrs. Nils (Alma Cornelia Berglund)","female",29,0,4,21.075,"S","20-29","1"
"569","No",3,"Doharr, Mr. Tannous","male",28.5,0,0,7.2292,"C","20-29","1"
"570","Yes",3,"Jonsson, Mr. Carl","male",32,0,0,7.8542,"S","30-39","1"
"571","Yes",2,"Harris, Mr. George","male",62,0,0,10.5,"S","60-69","1"
"572","Yes",1,"Appleton, Mrs. Edward Dale (Charlotte Lamson)","female",53,2,0,51.4792,"S","50-59","1"
"573","Yes",1,"Flynn, Mr. John Irwin (""Irving"")","male",36,0,0,26.3875,"S","30-39","1"
"574","Yes",3,"Kelly, Miss. Mary","female",14,0,0,7.75,"Q","10-19","0"
"575","No",3,"Rush, Mr. Alfred George John","male",16,0,0,8.05,"S","10-19","0"
"576","No",3,"Patchett, Mr. George","male",19,0,0,14.5,"S","10-19","1"
"577","Yes",2,"Garside, Miss. Ethel","female",34,0,0,13,"S","30-39","1"
"578","Yes",1,"Silvey, Mrs. William Baird (Alice Munger)","female",39,1,0,55.9,"S","30-39","1"
"579","No",3,"Caram, Mrs. Joseph (Maria Elias)","female",26,1,0,14.4583,"C","20-29","1"
"580","Yes",3,"Jussila, Mr. Eiriik","male",32,0,0,7.925,"S","30-39","1"
"581","Yes",2,"Christy, Miss. Julie Rachel","female",25,1,1,30,"S","20-29","1"
"582","Yes",1,"Thayer, Mrs. John Borland (Marian Longstreth Morris)","female",39,1,1,110.8833,"C","30-39","1"
"583","No",2,"Downton, Mr. William James","male",54,0,0,26,"S","50-59","1"
"584","No",1,"Ross, Mr. John Hugo","male",36,0,0,40.125,"C","30-39","1"
"585","No",3,"Paulner, Mr. Uscher","male",33,0,0,8.7125,"C","30-39","1"
"586","Yes",1,"Taussig, Miss. Ruth","female",18,0,2,79.65,"S","10-19","1"
"587","No",2,"Jarvis, Mr. John Denzil","male",47,0,0,15,"S","40-49","1"
"588","Yes",1,"Frolicher-Stehli, Mr. Maxmillian","male",60,1,1,79.2,"C","50-59","1"
"589","No",3,"Gilinski, Mr. Eliezer","male",22,0,0,8.05,"S","20-29","1"
"590","No",3,"Murdlin, Mr. Joseph","male",40.5,0,0,8.05,"S","40-49","1"
"591","No",3,"Rintamaki, Mr. Matti","male",35,0,0,7.125,"S","30-39","1"
"592","Yes",1,"Stephenson, Mrs. Walter Bertram (Martha Eustis)","female",52,1,0,78.2667,"C","50-59","1"
"593","No",3,"Elsbury, Mr. William James","male",47,0,0,7.25,"S","40-49","1"
"594","No",3,"Bourke, Miss. Mary","female",17,0,2,7.75,"Q","10-19","0"
"595","No",2,"Chapman, Mr. John Henry","male",37,1,0,26,"S","30-39","1"
"596","No",3,"Van Impe, Mr. Jean Baptiste","male",36,1,1,24.15,"S","30-39","1"
"597","Yes",2,"Leitch, Miss. Jessie Wills","female",19,0,0,33,"S","10-19","1"
"598","No",3,"Johnson, Mr. Alfred","male",49,0,0,0,"S","40-49","1"
"599","No",3,"Boulos, Mr. Hanna","male",30,0,0,7.225,"C","20-29","1"
"600","Yes",1,"Duff Gordon, Sir. Cosmo Edmund (""Mr Morgan"")","male",49,1,0,56.9292,"C","40-49","1"
"601","Yes",2,"Jacobsohn, Mrs. Sidney Samuel (Amy Frances Christy)","female",24,2,1,27,"S","20-29","1"
"602","No",3,"Slabenoff, Mr. Petco","male",40.5,0,0,7.8958,"S","40-49","1"
"603","No",1,"Harrington, Mr. Charles H","male",40,0,0,42.4,"S","30-39","1"
"604","No",3,"Torber, Mr. Ernst William","male",44,0,0,8.05,"S","40-49","1"
"605","Yes",1,"Homer, Mr. Harry (""Mr E Haven"")","male",35,0,0,26.55,"C","30-39","1"
"606","No",3,"Lindell, Mr. Edvard Bengtsson","male",36,1,0,15.55,"S","30-39","1"
"607","No",3,"Karaic, Mr. Milan","male",30,0,0,7.8958,"S","20-29","1"
"608","Yes",1,"Daniel, Mr. Robert Williams","male",27,0,0,30.5,"S","20-29","1"
"609","Yes",2,"Laroche, Mrs. Joseph (Juliette Marie Louise Lafargue)","female",22,1,2,41.5792,"C","20-29","1"
"610","Yes",1,"Shutes, Miss. Elizabeth W","female",40,0,0,153.4625,"S","30-39","1"
"611","No",3,"Andersson, Mrs. Anders Johan (Alfrida Konstantia Brogren)","female",39,1,5,31.275,"S","30-39","1"
"612","No",3,"Jardin, Mr. Jose Neto","male",25,0,0,7.05,"S","20-29","1"
"613","Yes",3,"Murphy, Miss. Margaret Jane","female",14,1,0,15.5,"Q","10-19","0"
"614","No",3,"Horgan, Mr. John","male",28.5,0,0,7.75,"Q","20-29","1"
"615","No",3,"Brocklebank, Mr. William Alfred","male",35,0,0,8.05,"S","30-39","1"
"616","Yes",2,"Herman, Miss. Alice","female",24,1,2,65,"S","20-29","1"
"617","No",3,"Danbom, Mr. Ernst Gilbert","male",34,1,1,14.4,"S","30-39","1"
"618","No",3,"Lobb, Mrs. William Arthur (Cordelia K Stanlick)","female",26,1,0,16.1,"S","20-29","1"
"619","Yes",2,"Becker, Miss. Marion Louise","female",4,2,1,39,"S","0-9","0"
"620","No",2,"Gavey, Mr. Lawrence","male",26,0,0,10.5,"S","20-29","1"
"621","No",3,"Yasbeck, Mr. Antoni","male",27,1,0,14.4542,"C","20-29","1"
"622","Yes",1,"Kimball, Mr. Edwin Nelson Jr","male",42,1,0,52.5542,"S","40-49","1"
"623","Yes",3,"Nakid, Mr. Sahid","male",20,1,1,15.7417,"C","10-19","1"
"624","No",3,"Hansen, Mr. Henry Damsgaard","male",21,0,0,7.8542,"S","20-29","1"
"625","No",3,"Bowen, Mr. David John ""Dai""","male",21,0,0,16.1,"S","20-29","1"
"626","No",1,"Sutton, Mr. Frederick","male",61,0,0,32.3208,"S","60-69","1"
"627","No",2,"Kirkland, Rev. Charles Leonard","male",57,0,0,12.35,"Q","50-59","1"
"628","Yes",1,"Longley, Miss. Gretchen Fiske","female",21,0,0,77.9583,"S","20-29","1"
"629","No",3,"Bostandyeff, Mr. Guentcho","male",26,0,0,7.8958,"S","20-29","1"
"630","No",3,"O'Connell, Mr. Patrick D","male",28.5,0,0,7.7333,"Q","20-29","1"
"631","Yes",1,"Barkworth, Mr. Algernon Henry Wilson","male",80,0,0,30,"S","70-79","1"
"632","No",3,"Lundahl, Mr. Johan Svensson","male",51,0,0,7.0542,"S","50-59","1"
"633","Yes",1,"Stahelin-Maeglin, Dr. Max","male",32,0,0,30.5,"C","30-39","1"
"634","No",1,"Parr, Mr. William Henry Marsh","male",38,0,0,0,"S","30-39","1"
"635","No",3,"Skoog, Miss. Mabel","female",9,3,2,27.9,"S","0-9","0"
"636","Yes",2,"Davis, Miss. Mary","female",28,0,0,13,"S","20-29","1"
"637","No",3,"Leinonen, Mr. Antti Gustaf","male",32,0,0,7.925,"S","30-39","1"
"638","No",2,"Collyer, Mr. Harvey","male",31,1,1,26.25,"S","30-39","1"
"639","No",3,"Panula, Mrs. Juha (Maria Emilia Ojala)","female",41,0,5,39.6875,"S","40-49","1"
"640","No",3,"Thorneycroft, Mr. Percival","male",40.5,1,0,16.1,"S","40-49","1"
"641","No",3,"Jensen, Mr. Hans Peder","male",20,0,0,7.8542,"S","10-19","1"
"642","Yes",1,"Sagesser, Mlle. Emma","female",24,0,0,69.3,"C","20-29","1"
"643","No",3,"Skoog, Miss. Margit Elizabeth","female",2,3,2,27.9,"S","0-9","0"
"644","Yes",3,"Foo, Mr. Choong","male",29,0,0,56.4958,"S","20-29","1"
"645","Yes",3,"Baclini, Miss. Eugenie","female",0.75,2,1,19.2583,"C","0-9","0"
"646","Yes",1,"Harper, Mr. Henry Sleeper","male",48,1,0,76.7292,"C","40-49","1"
"647","No",3,"Cor, Mr. Liudevit","male",19,0,0,7.8958,"S","10-19","1"
"648","Yes",1,"Simonius-Blumer, Col. Oberst Alfons","male",56,0,0,35.5,"C","50-59","1"
"649","No",3,"Willey, Mr. Edward","male",40.5,0,0,7.55,"S","40-49","1"
"650","Yes",3,"Stanley, Miss. Amy Zillah Elsie","female",23,0,0,7.55,"S","20-29","1"
"651","No",3,"Mitkoff, Mr. Mito","male",40.5,0,0,7.8958,"S","40-49","1"
"652","Yes",2,"Doling, Miss. Elsie","female",18,0,1,23,"S","10-19","1"
"653","No",3,"Kalvik, Mr. Johannes Halvorsen","male",21,0,0,8.4333,"S","20-29","1"
"654","Yes",3,"O'Leary, Miss. Hanora ""Norah""","female",14,0,0,7.8292,"Q","10-19","0"
"655","No",3,"Hegarty, Miss. Hanora ""Nora""","female",18,0,0,6.75,"Q","10-19","1"
"656","No",2,"Hickman, Mr. Leonard Mark","male",24,2,0,73.5,"S","20-29","1"
"657","No",3,"Radeff, Mr. Alexander","male",40.5,0,0,7.8958,"S","40-49","1"
"658","No",3,"Bourke, Mrs. John (Catherine)","female",32,1,1,15.5,"Q","30-39","1"
"659","No",2,"Eitemiller, Mr. George Floyd","male",23,0,0,13,"S","20-29","1"
"660","No",1,"Newell, Mr. Arthur Webster","male",58,0,2,113.275,"C","50-59","1"
"661","Yes",1,"Frauenthal, Dr. Henry William","male",50,2,0,133.65,"S","40-49","1"
"662","No",3,"Badt, Mr. Mohamed","male",40,0,0,7.225,"C","30-39","1"
"663","No",1,"Colley, Mr. Edward Pomeroy","male",47,0,0,25.5875,"S","40-49","1"
"664","No",3,"Coleff, Mr. Peju","male",36,0,0,7.4958,"S","30-39","1"
"665","Yes",3,"Lindqvist, Mr. Eino William","male",20,1,0,7.925,"S","10-19","1"
"666","No",2,"Hickman, Mr. Lewis","male",32,2,0,73.5,"S","30-39","1"
"667","No",2,"Butler, Mr. Reginald Fenton","male",25,0,0,13,"S","20-29","1"
"668","No",3,"Rommetvedt, Mr. Knud Paust","male",40.5,0,0,7.775,"S","40-49","1"
"669","No",3,"Cook, Mr. Jacob","male",43,0,0,8.05,"S","40-49","1"
"670","Yes",1,"Taylor, Mrs. Elmer Zebley (Juliet Cummins Wright)","female",33,1,0,52,"S","30-39","1"
"671","Yes",2,"Brown, Mrs. Thomas William Solomon (Elizabeth Catherine Ford)","female",40,1,1,39,"S","30-39","1"
"672","No",1,"Davidson, Mr. Thornton","male",31,1,0,52,"S","30-39","1"
"673","No",2,"Mitchell, Mr. Henry Michael","male",70,0,0,10.5,"S","60-69","1"
"674","Yes",2,"Wilhelms, Mr. Charles","male",31,0,0,13,"S","30-39","1"
"675","No",2,"Watson, Mr. Ennis Hastings","male",25,0,0,0,"S","20-29","1"
"676","No",3,"Edvardsson, Mr. Gustaf Hjalmar","male",18,0,0,7.775,"S","10-19","1"
"677","No",3,"Sawyer, Mr. Frederick Charles","male",24.5,0,0,8.05,"S","20-29","1"
"678","Yes",3,"Turja, Miss. Anna Sofia","female",18,0,0,9.8417,"S","10-19","1"
"679","No",3,"Goodwin, Mrs. Frederick (Augusta Tyler)","female",43,1,6,46.9,"S","40-49","1"
"680","Yes",1,"Cardeza, Mr. Thomas Drake Martinez","male",36,0,1,512.3292,"C","30-39","1"
"681","No",3,"Peters, Miss. Katie","female",17,0,0,8.1375,"Q","10-19","0"
"682","Yes",1,"Hassab, Mr. Hammad","male",27,0,0,76.7292,"C","20-29","1"
"683","No",3,"Olsvigen, Mr. Thor Anderson","male",20,0,0,9.225,"S","10-19","1"
"684","No",3,"Goodwin, Mr. Charles Edward","male",14,5,2,46.9,"S","10-19","0"
"685","No",2,"Brown, Mr. Thomas William Solomon","male",60,1,1,39,"S","50-59","1"
"686","No",2,"Laroche, Mr. Joseph Philippe Lemercier","male",25,1,2,41.5792,"C","20-29","1"
"687","No",3,"Panula, Mr. Jaako Arnold","male",14,4,1,39.6875,"S","10-19","0"
"688","No",3,"Dakic, Mr. Branko","male",19,0,0,10.1708,"S","10-19","1"
"689","No",3,"Fischer, Mr. Eberhard Thelander","male",18,0,0,7.7958,"S","10-19","1"
"690","Yes",1,"Madill, Miss. Georgette Alexandra","female",15,0,1,211.3375,"S","10-19","0"
"691","Yes",1,"Dick, Mr. Albert Adrian","male",31,1,0,57,"S","30-39","1"
"692","Yes",3,"Karun, Miss. Manca","female",4,0,1,13.4167,"C","0-9","0"
"693","Yes",3,"Lam, Mr. Ali","male",29,0,0,56.4958,"S","20-29","1"
"694","No",3,"Saad, Mr. Khalil","male",25,0,0,7.225,"C","20-29","1"
"695","No",1,"Weir, Col. John","male",60,0,0,26.55,"S","50-59","1"
"696","No",2,"Chapman, Mr. Charles Henry","male",52,0,0,13.5,"S","50-59","1"
"697","No",3,"Kelly, Mr. James","male",44,0,0,8.05,"S","40-49","1"
"698","Yes",3,"Mullens, Miss. Katherine ""Katie""","female",14,0,0,7.7333,"Q","10-19","0"
"699","No",1,"Thayer, Mr. John Borland","male",49,1,1,110.8833,"C","40-49","1"
"700","No",3,"Humblen, Mr. Adolf Mathias Nicolai Olsen","male",42,0,0,7.65,"S","40-49","1"
"701","Yes",1,"Astor, Mrs. John Jacob (Madeleine Talmadge Force)","female",18,1,0,227.525,"C","10-19","1"
"702","Yes",1,"Silverthorne, Mr. Spencer Victor","male",35,0,0,26.2875,"S","30-39","1"
"703","No",3,"Barbara, Miss. Saiide","female",18,0,1,14.4542,"C","10-19","1"
"704","No",3,"Gallagher, Mr. Martin","male",25,0,0,7.7417,"Q","20-29","1"
"705","No",3,"Hansen, Mr. Henrik Juul","male",26,1,0,7.8542,"S","20-29","1"
"706","No",2,"Morley, Mr. Henry Samuel (""Mr Henry Marshall"")","male",39,0,0,26,"S","30-39","1"
"707","Yes",2,"Kelly, Mrs. Florence ""Fannie""","female",45,0,0,13.5,"S","40-49","1"
"708","Yes",1,"Calderhead, Mr. Edward Pennington","male",42,0,0,26.2875,"S","40-49","1"
"709","Yes",1,"Cleaver, Miss. Alice","female",22,0,0,151.55,"S","20-29","1"
"710","Yes",3,"Moubarek, Master. Halim Gonios (""William George"")","male",4,1,1,15.2458,"C","0-9","0"
"711","Yes",1,"Mayne, Mlle. Berthe Antonine (""Mrs de Villiers"")","female",24,0,0,49.5042,"C","20-29","1"
"712","No",1,"Klaber, Mr. Herman","male",57,0,0,26.55,"S","50-59","1"
"713","Yes",1,"Taylor, Mr. Elmer Zebley","male",48,1,0,52,"S","40-49","1"
"714","No",3,"Larsson, Mr. August Viktor","male",29,0,0,9.4833,"S","20-29","1"
"715","No",2,"Greenberg, Mr. Samuel","male",52,0,0,13,"S","50-59","1"
"716","No",3,"Soholt, Mr. Peter Andreas Lauritz Andersen","male",19,0,0,7.65,"S","10-19","1"
"717","Yes",1,"Endres, Miss. Caroline Louise","female",38,0,0,227.525,"C","30-39","1"
"718","Yes",2,"Troutt, Miss. Edwina Celia ""Winnie""","female",27,0,0,10.5,"S","20-29","1"
"719","No",3,"McEvoy, Mr. Michael","male",33,0,0,15.5,"Q","30-39","1"
"720","No",3,"Johnson, Mr. Malkolm Joackim","male",33,0,0,7.775,"S","30-39","1"
"721","Yes",2,"Harper, Miss. Annie Jessie ""Nina""","female",6,0,1,33,"S","0-9","0"
"722","No",3,"Jensen, Mr. Svend Lauritz","male",17,1,0,7.0542,"S","10-19","0"
"723","No",2,"Gillespie, Mr. William Henry","male",34,0,0,13,"S","30-39","1"
"724","No",2,"Hodges, Mr. Henry Price","male",50,0,0,13,"S","40-49","1"
"725","Yes",1,"Chambers, Mr. Norman Campbell","male",27,1,0,53.1,"S","20-29","1"
"726","No",3,"Oreskovic, Mr. Luka","male",20,0,0,8.6625,"S","10-19","1"
"727","Yes",2,"Renouf, Mrs. Peter Henry (Lillian Jefferys)","female",30,3,0,21,"S","20-29","1"
"728","Yes",3,"Mannion, Miss. Margareth","female",14,0,0,7.7375,"Q","10-19","0"
"729","No",2,"Bryhl, Mr. Kurt Arnold Gottfrid","male",25,1,0,26,"S","20-29","1"
"730","No",3,"Ilmakangas, Miss. Pieta Sofia","female",25,1,0,7.925,"S","20-29","1"
"731","Yes",1,"Allen, Miss. Elisabeth Walton","female",29,0,0,211.3375,"S","20-29","1"
"732","No",3,"Hassan, Mr. Houssein G N","male",11,0,0,18.7875,"C","10-19","0"
"733","No",2,"Knight, Mr. Robert J","male",25,0,0,0,"S","20-29","1"
"734","No",2,"Berriman, Mr. William John","male",23,0,0,13,"S","20-29","1"
"735","No",2,"Troupiansky, Mr. Moses Aaron","male",23,0,0,13,"S","20-29","1"
"736","No",3,"Williams, Mr. Leslie","male",28.5,0,0,16.1,"S","20-29","1"
"737","No",3,"Ford, Mrs. Edward (Margaret Ann Watson)","female",48,1,3,34.375,"S","40-49","1"
"738","Yes",1,"Lesurer, Mr. Gustave J","male",35,0,0,512.3292,"C","30-39","1"
"739","No",3,"Ivanoff, Mr. Kanio","male",40.5,0,0,7.8958,"S","40-49","1"
"740","No",3,"Nankoff, Mr. Minko","male",40.5,0,0,7.8958,"S","40-49","1"
"741","Yes",1,"Hawksford, Mr. Walter James","male",32,0,0,30,"S","30-39","1"
"742","No",1,"Cavendish, Mr. Tyrell William","male",36,1,0,78.85,"S","30-39","1"
"743","Yes",1,"Ryerson, Miss. Susan Parker ""Suzette""","female",21,2,2,262.375,"C","20-29","1"
"744","No",3,"McNamee, Mr. Neal","male",24,1,0,16.1,"S","20-29","1"
"745","Yes",3,"Stranden, Mr. Juho","male",31,0,0,7.925,"S","30-39","1"
"746","No",1,"Crosby, Capt. Edward Gifford","male",70,1,1,71,"S","60-69","1"
"747","No",3,"Abbott, Mr. Rossmore Edward","male",16,1,1,20.25,"S","10-19","0"
"748","Yes",2,"Sinkkonen, Miss. Anna","female",30,0,0,13,"S","20-29","1"
"749","No",1,"Marvin, Mr. Daniel Warner","male",19,1,0,53.1,"S","10-19","1"
"750","No",3,"Connaghton, Mr. Michael","male",31,0,0,7.75,"Q","30-39","1"
"751","Yes",2,"Wells, Miss. Joan","female",4,1,1,23,"S","0-9","0"
"752","Yes",3,"Moor, Master. Meier","male",6,0,1,12.475,"S","0-9","0"
"753","No",3,"Vande Velde, Mr. Johannes Joseph","male",33,0,0,9.5,"S","30-39","1"
"754","No",3,"Jonkoff, Mr. Lalio","male",23,0,0,7.8958,"S","20-29","1"
"755","Yes",2,"Herman, Mrs. Samuel (Jane Laver)","female",48,1,2,65,"S","40-49","1"
"756","Yes",2,"Hamalainen, Master. Viljo","male",0.67,1,1,14.5,"S","0-9","0"
"757","No",3,"Carlsson, Mr. August Sigfrid","male",28,0,0,7.7958,"S","20-29","1"
"758","No",2,"Bailey, Mr. Percy Andrew","male",18,0,0,11.5,"S","10-19","1"
"759","No",3,"Theobald, Mr. Thomas Leonard","male",34,0,0,8.05,"S","30-39","1"
"760","Yes",1,"Rothes, the Countess. of (Lucy Noel Martha Dyer-Edwards)","female",33,0,0,86.5,"S","30-39","1"
"761","No",3,"Garfirth, Mr. John","male",40.5,0,0,14.5,"S","40-49","1"
"762","No",3,"Nirva, Mr. Iisakki Antino Aijo","male",41,0,0,7.125,"S","40-49","1"
"763","Yes",3,"Barah, Mr. Hanna Assi","male",20,0,0,7.2292,"C","10-19","1"
"764","Yes",1,"Carter, Mrs. William Ernest (Lucile Polk)","female",36,1,2,120,"S","30-39","1"
"765","No",3,"Eklund, Mr. Hans Linus","male",16,0,0,7.775,"S","10-19","0"
"766","Yes",1,"Hogeboom, Mrs. John C (Anna Andrews)","female",51,1,0,77.9583,"S","50-59","1"
"767","No",1,"Brewe, Dr. Arthur Jackson","male",56,0,0,39.6,"C","50-59","1"
"768","No",3,"Mangan, Miss. Mary","female",30.5,0,0,7.75,"Q","30-39","1"
"769","No",3,"Moran, Mr. Daniel J","male",27,1,0,24.15,"Q","20-29","1"
"770","No",3,"Gronnestad, Mr. Daniel Danielsen","male",32,0,0,8.3625,"S","30-39","1"
"771","No",3,"Lievens, Mr. Rene Aime","male",24,0,0,9.5,"S","20-29","1"
"772","No",3,"Jensen, Mr. Niels Peder","male",48,0,0,7.8542,"S","40-49","1"
"773","No",2,"Mack, Mrs. (Mary)","female",57,0,0,10.5,"S","50-59","1"
"774","No",3,"Elias, Mr. Dibo","male",35,0,0,7.225,"C","30-39","1"
"775","Yes",2,"Hocking, Mrs. Elizabeth (Eliza Needs)","female",54,1,3,23,"S","50-59","1"
"776","No",3,"Myhrman, Mr. Pehr Fabian Oliver Malkolm","male",18,0,0,7.75,"S","10-19","1"
"777","No",3,"Tobin, Mr. Roger","male",28.5,0,0,7.75,"Q","20-29","1"
"778","Yes",3,"Emanuel, Miss. Virginia Ethel","female",5,0,0,12.475,"S","0-9","0"
"779","No",3,"Kilgannon, Mr. Thomas J","male",28.5,0,0,7.7375,"Q","20-29","1"
"780","Yes",1,"Robert, Mrs. Edward Scott (Elisabeth Walton McMillan)","female",43,0,1,211.3375,"S","40-49","1"
"781","Yes",3,"Ayoub, Miss. Banoura","female",13,0,0,7.2292,"C","10-19","0"
"782","Yes",1,"Dick, Mrs. Albert Adrian (Vera Gillespie)","female",17,1,0,57,"S","10-19","0"
"783","No",1,"Long, Mr. Milton Clyde","male",29,0,0,30,"S","20-29","1"
"784","No",3,"Johnston, Mr. Andrew G","male",40.5,1,2,23.45,"S","40-49","1"
"785","No",3,"Ali, Mr. William","male",25,0,0,7.05,"S","20-29","1"
"786","No",3,"Harmer, Mr. Abraham (David Lishin)","male",25,0,0,7.25,"S","20-29","1"
"787","Yes",3,"Sjoblom, Miss. Anna Sofia","female",18,0,0,7.4958,"S","10-19","1"
"788","No",3,"Rice, Master. George Hugh","male",8,4,1,29.125,"Q","0-9","0"
"789","Yes",3,"Dean, Master. Bertram Vere","male",1,1,2,20.575,"S","0-9","0"
"790","No",1,"Guggenheim, Mr. Benjamin","male",46,0,0,79.2,"C","40-49","1"
"791","No",3,"Keane, Mr. Andrew ""Andy""","male",30,0,0,7.75,"Q","20-29","1"
"792","No",2,"Gaskell, Mr. Alfred","male",16,0,0,26,"S","10-19","0"
"793","No",3,"Sage, Miss. Stella Anna","female",21,8,2,69.55,"S","20-29","1"
"794","No",1,"Hoyt, Mr. William Fisher","male",60,0,0,30.6958,"C","50-59","1"
"795","No",3,"Dantcheff, Mr. Ristiu","male",25,0,0,7.8958,"S","20-29","1"
"796","No",2,"Otter, Mr. Richard","male",39,0,0,13,"S","30-39","1"
"797","Yes",1,"Leader, Dr. Alice (Farnham)","female",49,0,0,25.9292,"S","40-49","1"
"798","Yes",3,"Osman, Mrs. Mara","female",31,0,0,8.6833,"S","30-39","1"
"799","No",3,"Ibrahim Shawah, Mr. Yousseff","male",30,0,0,7.2292,"C","20-29","1"
"800","No",3,"Van Impe, Mrs. Jean Baptiste (Rosalie Paula Govaert)","female",30,1,1,24.15,"S","20-29","1"
"801","No",2,"Ponesell, Mr. Martin","male",34,0,0,13,"S","30-39","1"
"802","Yes",2,"Collyer, Mrs. Harvey (Charlotte Annie Tate)","female",31,1,1,26.25,"S","30-39","1"
"803","Yes",1,"Carter, Master. William Thornton II","male",11,1,2,120,"S","10-19","0"
"804","Yes",3,"Thomas, Master. Assad Alexander","male",0.42,0,1,8.5167,"C","0-9","0"
"805","Yes",3,"Hedman, Mr. Oskar Arvid","male",27,0,0,6.975,"S","20-29","1"
"806","No",3,"Johansson, Mr. Karl Johan","male",31,0,0,7.775,"S","30-39","1"
"807","No",1,"Andrews, Mr. Thomas Jr","male",39,0,0,0,"S","30-39","1"
"808","No",3,"Pettersson, Miss. Ellen Natalia","female",18,0,0,7.775,"S","10-19","1"
"809","No",2,"Meyer, Mr. August","male",39,0,0,13,"S","30-39","1"
"810","Yes",1,"Chambers, Mrs. Norman Campbell (Bertha Griggs)","female",33,1,0,53.1,"S","30-39","1"
"811","No",3,"Alexander, Mr. William","male",26,0,0,7.8875,"S","20-29","1"
"812","No",3,"Lester, Mr. James","male",39,0,0,24.15,"S","30-39","1"
"813","No",2,"Slemen, Mr. Richard James","male",35,0,0,10.5,"S","30-39","1"
"814","No",3,"Andersson, Miss. Ebba Iris Alfrida","female",6,4,2,31.275,"S","0-9","0"
"815","No",3,"Tomlin, Mr. Ernest Portage","male",30.5,0,0,8.05,"S","30-39","1"
"816","No",1,"Fry, Mr. Richard","male",40,0,0,0,"S","30-39","1"
"817","No",3,"Heininen, Miss. Wendla Maria","female",23,0,0,7.925,"S","20-29","1"
"818","No",2,"Mallet, Mr. Albert","male",31,1,1,37.0042,"C","30-39","1"
"819","No",3,"Holm, Mr. John Fredrik Alexander","male",43,0,0,6.45,"S","40-49","1"
"820","No",3,"Skoog, Master. Karl Thorsten","male",10,3,2,27.9,"S","0-9","0"
"821","Yes",1,"Hays, Mrs. Charles Melville (Clara Jennings Gregg)","female",52,1,1,93.5,"S","50-59","1"
"822","Yes",3,"Lulic, Mr. Nikola","male",27,0,0,8.6625,"S","20-29","1"
"823","No",1,"Reuchlin, Jonkheer. John George","male",38,0,0,0,"S","30-39","1"
"824","Yes",3,"Moor, Mrs. (Beila)","female",27,0,1,12.475,"S","20-29","1"
"825","No",3,"Panula, Master. Urho Abraham","male",2,4,1,39.6875,"S","0-9","0"
"826","No",3,"Flynn, Mr. John","male",30,0,0,6.95,"Q","20-29","1"
"827","No",3,"Lam, Mr. Len","male",40.5,0,0,56.4958,"S","40-49","1"
"828","Yes",2,"Mallet, Master. Andre","male",1,0,2,37.0042,"C","0-9","0"
"829","Yes",3,"McCormack, Mr. Thomas Joseph","male",22,0,0,7.75,"Q","20-29","1"
"830","Yes",1,"Stone, Mrs. George Nelson (Martha Evelyn)","female",62,0,0,80,"","60-69","1"
"831","Yes",3,"Yasbeck, Mrs. Antoni (Selini Alexander)","female",15,1,0,14.4542,"C","10-19","0"
"832","Yes",2,"Richards, Master. George Sibley","male",0.83,1,1,18.75,"S","0-9","0"
"833","No",3,"Saad, Mr. Amin","male",28.5,0,0,7.2292,"C","20-29","1"
"834","No",3,"Augustsson, Mr. Albert","male",23,0,0,7.8542,"S","20-29","1"
"835","No",3,"Allum, Mr. Owen George","male",18,0,0,8.3,"S","10-19","1"
"836","Yes",1,"Compton, Miss. Sara Rebecca","female",39,1,1,83.1583,"C","30-39","1"
"837","No",3,"Pasic, Mr. Jakob","male",21,0,0,8.6625,"S","20-29","1"
"838","No",3,"Sirota, Mr. Maurice","male",40.5,0,0,8.05,"S","40-49","1"
"839","Yes",3,"Chip, Mr. Chang","male",32,0,0,56.4958,"S","30-39","1"
"840","Yes",1,"Marechal, Mr. Pierre","male",32,0,0,29.7,"C","30-39","1"
"841","No",3,"Alhomaki, Mr. Ilmari Rudolf","male",20,0,0,7.925,"S","10-19","1"
"842","No",2,"Mudd, Mr. Thomas Charles","male",16,0,0,10.5,"S","10-19","0"
"843","Yes",1,"Serepeca, Miss. Augusta","female",30,0,0,31,"C","20-29","1"
"844","No",3,"Lemberopolous, Mr. Peter L","male",34.5,0,0,6.4375,"C","30-39","1"
"845","No",3,"Culumovic, Mr. Jeso","male",17,0,0,8.6625,"S","10-19","0"
"846","No",3,"Abbing, Mr. Anthony","male",42,0,0,7.55,"S","40-49","1"
"847","No",3,"Sage, Mr. Douglas Bullen","male",7,8,2,69.55,"S","0-9","0"
"848","No",3,"Markoff, Mr. Marin","male",35,0,0,7.8958,"C","30-39","1"
"849","No",2,"Harper, Rev. John","male",28,0,1,33,"S","20-29","1"
"850","Yes",1,"Goldenberg, Mrs. Samuel L (Edwiga Grabowska)","female",35,1,0,89.1042,"C","30-39","1"
"851","No",3,"Andersson, Master. Sigvard Harald Elias","male",4,4,2,31.275,"S","0-9","0"
"852","No",3,"Svensson, Mr. Johan","male",74,0,0,7.775,"S","70-79","1"
"853","No",3,"Boulos, Miss. Nourelain","female",9,1,1,15.2458,"C","0-9","0"
"854","Yes",1,"Lines, Miss. Mary Conover","female",16,0,1,39.4,"S","10-19","0"
"855","No",2,"Carter, Mrs. Ernest Courtenay (Lilian Hughes)","female",44,1,0,26,"S","40-49","1"
"856","Yes",3,"Aks, Mrs. Sam (Leah Rosen)","female",18,0,1,9.35,"S","10-19","1"
"857","Yes",1,"Wick, Mrs. George Dennick (Mary Hitchcock)","female",45,1,1,164.8667,"S","40-49","1"
"858","Yes",1,"Daly, Mr. Peter Denis ","male",51,0,0,26.55,"S","50-59","1"
"859","Yes",3,"Baclini, Mrs. Solomon (Latifa Qurban)","female",24,0,3,19.2583,"C","20-29","1"
"860","No",3,"Razi, Mr. Raihed","male",28.5,0,0,7.2292,"C","20-29","1"
"861","No",3,"Hansen, Mr. Claus Peter","male",41,2,0,14.1083,"S","40-49","1"
"862","No",2,"Giles, Mr. Frederick Edward","male",21,1,0,11.5,"S","20-29","1"
"863","Yes",1,"Swift, Mrs. Frederick Joel (Margaret Welles Barron)","female",48,0,0,25.9292,"S","40-49","1"
"864","No",3,"Sage, Miss. Dorothy Edith ""Dolly""","female",21,8,2,69.55,"S","20-29","1"
"865","No",2,"Gill, Mr. John William","male",24,0,0,13,"S","20-29","1"
"866","Yes",2,"Bystrom, Mrs. (Karolina)","female",42,0,0,13,"S","40-49","1"
"867","Yes",2,"Duran y More, Miss. Asuncion","female",27,1,0,13.8583,"C","20-29","1"
"868","No",1,"Roebling, Mr. Washington Augustus II","male",31,0,0,50.4958,"S","30-39","1"
"869","No",3,"van Melkebeke, Mr. Philemon","male",40.5,0,0,9.5,"S","40-49","1"
"870","Yes",3,"Johnson, Master. Harold Theodor","male",4,1,1,11.1333,"S","0-9","0"
"871","No",3,"Balkic, Mr. Cerin","male",26,0,0,7.8958,"S","20-29","1"
"872","Yes",1,"Beckwith, Mrs. Richard Leonard (Sallie Monypeny)","female",47,1,1,52.5542,"S","40-49","1"
"873","No",1,"Carlsson, Mr. Frans Olof","male",33,0,0,5,"S","30-39","1"
"874","No",3,"Vander Cruyssen, Mr. Victor","male",47,0,0,9,"S","40-49","1"
"875","Yes",2,"Abelson, Mrs. Samuel (Hannah Wizosky)","female",28,1,0,24,"C","20-29","1"
"876","Yes",3,"Najib, Miss. Adele Kiamie ""Jane""","female",15,0,0,7.225,"C","10-19","0"
"877","No",3,"Gustafsson, Mr. Alfred Ossian","male",20,0,0,9.8458,"S","10-19","1"
"878","No",3,"Petroff, Mr. Nedelio","male",19,0,0,7.8958,"S","10-19","1"
"879","No",3,"Laleff, Mr. Kristo","male",40.5,0,0,7.8958,"S","40-49","1"
"880","Yes",1,"Potter, Mrs. Thomas Jr (Lily Alexenia Wilson)","female",56,0,1,83.1583,"C","50-59","1"
"881","Yes",2,"Shelley, Mrs. William (Imanita Parrish Hall)","female",25,0,1,26,"S","20-29","1"
"882","No",3,"Markun, Mr. Johann","male",33,0,0,7.8958,"S","30-39","1"
"883","No",3,"Dahlberg, Miss. Gerda Ulrika","female",22,0,0,10.5167,"S","20-29","1"
"884","No",2,"Banfield, Mr. Frederick James","male",28,0,0,10.5,"S","20-29","1"
"885","No",3,"Sutehall, Mr. Henry Jr","male",25,0,0,7.05,"S","20-29","1"
"886","No",3,"Rice, Mrs. William (Margaret Norton)","female",39,0,5,29.125,"Q","30-39","1"
"887","No",2,"Montvila, Rev. Juozas","male",27,0,0,13,"S","20-29","1"
"888","Yes",1,"Graham, Miss. Margaret Edith","female",19,0,0,30,"S","10-19","1"
"889","No",3,"Johnston, Miss. Catherine Helen ""Carrie""","female",30.5,1,2,23.45,"S","30-39","1"
"890","Yes",1,"Behr, Mr. Karl Howell","male",26,0,0,30,"C","20-29","1"
"891","No",3,"Dooley, Mr. Patrick","male",32,0,0,7.75,"Q","30-39","1"
